precinct_id,vap_18plus,white_vap,black_vap,hispanic_vap,native_vap,asian_vap,pacific_vap,multiracial_vap,white_vap_pct,black_vap_pct,hispanic_vap_pct,native_vap_pct,asian_vap_pct,pacific_vap_pct,multiracial_vap_pct
ADA - 011401,2728,2426,0,126,0,16,0,95,88.93,0.0,4.62,0.0,0.59,0.0,3.48
ADA - 011402,1971,1870,0,74,0,3,0,29,94.88,0.0,3.75,0.0,0.15,0.0,1.47
ADA - 011403,660,615,0,23,0,3,0,10,93.18,0.0,3.48,0.0,0.45,0.0,1.52
ADA - 011404,4281,3944,0,138,0,169,0,95,92.13,0.0,3.22,0.0,3.95,0.0,2.22
ADA - 011405,3005,2462,37,421,8,0,0,82,81.93,1.23,14.01,0.27,0.0,0.0,2.73
ADA - 011406,6623,5783,39,421,0,195,0,159,87.32,0.59,6.36,0.0,2.94,0.0,2.4
ADA - 011407,2244,2149,6,64,0,14,0,11,95.77,0.27,2.85,0.0,0.62,0.0,0.49
ADA - 011408,2045,1915,0,76,0,20,3,37,93.64,0.0,3.72,0.0,0.98,0.15,1.81
ADA - 011409,1583,1437,0,39,0,43,0,30,90.78,0.0,2.46,0.0,2.72,0.0,1.9
ADA - 011410,2365,2139,0,137,0,53,5,17,90.44,0.0,5.79,0.0,2.24,0.21,0.72
ADA - 011411,2712,2426,0,103,17,20,56,113,89.45,0.0,3.8,0.63,0.74,2.06,4.17
ADA - 011412,2356,2113,0,193,0,1,0,57,89.69,0.0,8.19,0.0,0.04,0.0,2.42
ADA - 011413,8658,7719,65,602,0,114,0,170,89.15,0.75,6.95,0.0,1.32,0.0,1.96
ADA - 011414,4535,4016,0,409,0,35,0,75,88.56,0.0,9.02,0.0,0.77,0.0,1.65
ADA - 011415,1759,1440,0,291,0,0,0,21,81.86,0.0,16.54,0.0,0.0,0.0,1.19
ADA - 011416,2855,2683,13,111,9,44,0,5,93.98,0.46,3.89,0.32,1.54,0.0,0.18
ADA - 011417,4069,3629,21,193,4,76,0,129,89.19,0.52,4.74,0.1,1.87,0.0,3.17
ADA - 011418,3291,3053,84,67,2,47,0,50,92.77,2.55,2.04,0.06,1.43,0.0,1.52
ADA - 011419,2062,1956,24,82,0,0,0,0,94.86,1.16,3.98,0.0,0.0,0.0,0.0
ADA - 011501,3369,2784,0,105,0,58,0,422,82.64,0.0,3.12,0.0,1.72,0.0,12.53
ADA - 011502,2410,2194,0,114,0,85,0,20,91.04,0.0,4.73,0.0,3.53,0.0,0.83
ADA - 011503,1577,1401,21,73,0,54,0,25,88.84,1.33,4.63,0.0,3.42,0.0,1.59
ADA - 011504,3559,3195,0,194,0,132,0,36,89.77,0.0,5.45,0.0,3.71,0.0,1.01
ADA - 011505,1974,1866,0,80,0,28,0,0,94.53,0.0,4.05,0.0,1.42,0.0,0.0
ADA - 011506,1877,1514,0,165,39,117,0,42,80.66,0.0,8.79,2.08,6.23,0.0,2.24
ADA - 011507,2302,1979,0,117,5,180,0,21,85.97,0.0,5.08,0.22,7.82,0.0,0.91
ADA - 011508,1990,1815,0,117,0,6,0,52,91.21,0.0,5.88,0.0,0.3,0.0,2.61
ADA - 011509,4077,3473,65,277,0,113,21,128,85.19,1.59,6.79,0.0,2.77,0.52,3.14
ADA - 011510,1883,1632,45,83,11,12,0,100,86.67,2.39,4.41,0.58,0.64,0.0,5.31
ADA - 011511,2304,2056,0,213,0,0,0,35,89.24,0.0,9.24,0.0,0.0,0.0,1.52
ADA - 011512,1882,1516,0,342,19,0,5,0,80.55,0.0,18.17,1.01,0.0,0.27,0.0
ADA - 011513,2695,2183,56,228,0,133,0,91,81.0,2.08,8.46,0.0,4.94,0.0,3.38
ADA - 011514,1954,1922,0,0,0,9,0,23,98.36,0.0,0.0,0.0,0.46,0.0,1.18
ADA - 011515,824,686,13,47,0,57,0,25,83.25,1.58,5.7,0.0,6.92,0.0,3.03
ADA - 011601,2630,2445,0,106,0,1,0,78,92.97,0.0,4.03,0.0,0.04,0.0,2.97
ADA - 011602,2832,2623,23,91,13,71,0,11,92.62,0.81,3.21,0.46,2.51,0.0,0.39
ADA - 011603,3064,2827,7,170,0,38,0,22,92.27,0.23,5.55,0.0,1.24,0.0,0.72
ADA - 011604,1788,1712,12,0,0,16,0,48,95.75,0.67,0.0,0.0,0.89,0.0,2.68
ADA - 011605,1948,1804,0,130,0,7,0,7,92.61,0.0,6.67,0.0,0.36,0.0,0.36
ADA - 011606,2562,2095,19,330,14,37,0,58,81.77,0.74,12.88,0.55,1.44,0.0,2.26
ADA - 011607,2615,2319,14,226,0,8,0,48,88.68,0.54,8.64,0.0,0.31,0.0,1.84
ADA - 011608,3873,3101,68,545,17,8,0,134,80.07,1.76,14.07,0.44,0.21,0.0,3.46
ADA - 011609,2258,1967,10,168,0,8,0,124,87.11,0.44,7.44,0.0,0.35,0.0,5.49
ADA - 011610,2854,2245,13,403,21,57,0,96,78.66,0.46,14.12,0.74,2.0,0.0,3.36
ADA - 011611,2265,2113,10,98,17,0,0,27,93.29,0.44,4.33,0.75,0.0,0.0,1.19
ADA - 011612,2083,1756,55,182,0,0,15,75,84.3,2.64,8.74,0.0,0.0,0.72,3.6
ADA - 011613,1851,1556,51,160,0,38,16,30,84.06,2.76,8.64,0.0,2.05,0.86,1.62
ADA - 011614,2353,1847,87,389,0,11,5,14,78.5,3.7,16.53,0.0,0.47,0.21,0.59
ADA - 011615,3442,2675,85,409,5,61,12,195,77.72,2.47,11.88,0.15,1.77,0.35,5.67
ADA - 011701,3140,2541,9,386,0,99,0,105,80.92,0.29,12.29,0.0,3.15,0.0,3.34
ADA - 011702,2016,1580,6,338,0,28,15,67,78.37,0.3,16.77,0.0,1.39,0.74,3.32
ADA - 011703,3387,2394,126,622,0,87,0,158,70.68,3.72,18.36,0.0,2.57,0.0,4.66
ADA - 011704,1713,1513,40,165,0,0,0,5,88.32,2.34,9.63,0.0,0.0,0.0,0.29
ADA - 011705,2619,2025,23,400,0,0,32,135,77.32,0.88,15.27,0.0,0.0,1.22,5.15
ADA - 011706,2428,2165,9,193,12,20,0,23,89.17,0.37,7.95,0.49,0.82,0.0,0.95
ADA - 011707,1743,1478,94,157,0,9,0,7,84.8,5.39,9.01,0.0,0.52,0.0,0.4
ADA - 011708,4207,3545,34,335,0,82,0,214,84.26,0.81,7.96,0.0,1.95,0.0,5.09
ADA - 011709,1788,1550,2,183,0,12,0,31,86.69,0.11,10.23,0.0,0.67,0.0,1.73
ADA - 011710,4822,4221,17,442,9,43,28,67,87.54,0.35,9.17,0.19,0.89,0.58,1.39
ADA - 011711,2241,1780,34,299,0,0,0,128,79.43,1.52,13.34,0.0,0.0,0.0,5.71
ADA - 011712,1812,1540,82,127,0,13,0,32,84.99,4.53,7.01,0.0,0.72,0.0,1.77
ADA - 011713,2507,2216,14,124,0,82,26,45,88.39,0.56,4.95,0.0,3.27,1.04,1.79
ADA - 011714,2245,1893,53,276,0,0,0,15,84.32,2.36,12.29,0.0,0.0,0.0,0.67
ADA - 011715,3154,2645,8,358,48,42,0,61,83.86,0.25,11.35,1.52,1.33,0.0,1.93
ADA - 011801,2881,2471,17,216,1,144,0,60,85.77,0.59,7.5,0.03,5.0,0.0,2.08
ADA - 011802,2372,2091,11,126,6,66,0,44,88.15,0.46,5.31,0.25,2.78,0.0,1.85
ADA - 011803,1712,1529,22,99,0,54,0,14,89.31,1.29,5.78,0.0,3.15,0.0,0.82
ADA - 011804,369,275,0,70,0,4,0,23,74.53,0.0,18.97,0.0,1.08,0.0,6.23
ADA - 011805,3952,3490,18,258,58,54,0,85,88.31,0.46,6.53,1.47,1.37,0.0,2.15
ADA - 011806,1925,1683,0,41,0,118,75,10,87.43,0.0,2.13,0.0,6.13,3.9,0.52
ADA - 011807,2514,1924,99,315,0,35,24,115,76.53,3.94,12.53,0.0,1.39,0.95,4.57
ADA - 011808,2199,1932,0,124,8,65,0,70,87.86,0.0,5.64,0.36,2.96,0.0,3.18
ADA - 011809,2288,1856,28,138,47,52,21,93,81.12,1.22,6.03,2.05,2.27,0.92,4.06
ADA - 011810,1376,1199,0,90,0,83,0,22,87.14,0.0,6.54,0.0,6.03,0.0,1.6
ADA - 011811,1660,1400,0,139,0,109,0,12,84.34,0.0,8.37,0.0,6.57,0.0,0.72
ADA - 011812,2450,2280,1,110,0,16,0,45,93.06,0.04,4.49,0.0,0.65,0.0,1.84
ADA - 011813,1779,1594,8,114,46,10,0,7,89.6,0.45,6.41,2.59,0.56,0.0,0.39
ADA - 011814,2450,2053,0,119,50,163,63,26,83.8,0.0,4.86,2.04,6.65,2.57,1.06
ADA - 011815,2108,1783,0,77,0,147,0,114,84.58,0.0,3.65,0.0,6.97,0.0,5.41
ADA - 011816,987,868,0,99,0,26,0,4,87.94,0.0,10.03,0.0,2.63,0.0,0.41
ADA - 011817,5199,4546,41,220,0,320,0,57,87.44,0.79,4.23,0.0,6.16,0.0,1.1
ADA - 011818,2917,2180,99,292,0,214,0,90,74.73,3.39,10.01,0.0,7.34,0.0,3.09
ADA - 011901,4106,3791,0,166,1,17,0,117,92.33,0.0,4.04,0.02,0.41,0.0,2.85
ADA - 011902,2089,1920,1,45,0,89,0,26,91.91,0.05,2.15,0.0,4.26,0.0,1.24
ADA - 011903,885,775,46,56,0,22,0,12,87.57,5.2,6.33,0.0,2.49,0.0,1.36
ADA - 011904,2029,1887,0,83,3,0,0,76,93.0,0.0,4.09,0.15,0.0,0.0,3.75
ADA - 011905,2965,2655,0,113,0,25,0,157,89.54,0.0,3.81,0.0,0.84,0.0,5.3
ADA - 011906,2479,2256,22,155,6,19,0,29,91.0,0.89,6.25,0.24,0.77,0.0,1.17
ADA - 011907,2205,2076,5,54,19,49,0,10,94.15,0.23,2.45,0.86,2.22,0.0,0.45
ADA - 011908,1413,1142,0,155,0,25,0,93,80.82,0.0,10.97,0.0,1.77,0.0,6.58
ADA - 011909,1973,1810,51,20,0,24,0,99,91.74,2.58,1.01,0.0,1.22,0.0,5.02
ADA - 011910,2683,2464,1,114,0,49,0,36,91.84,0.04,4.25,0.0,1.83,0.0,1.34
ADA - 011911,1799,1420,0,191,0,30,0,114,78.93,0.0,10.62,0.0,1.67,0.0,6.34
ADA - 011912,1562,1432,24,41,17,10,0,42,91.68,1.54,2.62,1.09,0.64,0.0,2.69
ADA - 011913,1688,1433,0,142,3,36,0,73,84.89,0.0,8.41,0.18,2.13,0.0,4.32
ADA - 011914,1573,1394,0,54,8,61,4,62,88.62,0.0,3.43,0.51,3.88,0.25,3.94
ADA - 011915,2441,2038,6,307,45,21,0,66,83.49,0.25,12.58,1.84,0.86,0.0,2.7
ADA - 011916,2417,2108,19,196,9,4,0,55,87.22,0.79,8.11,0.37,0.17,0.0,2.28
ADA - 011917,1712,1620,31,36,0,21,0,8,94.63,1.81,2.1,0.0,1.23,0.0,0.47
ADA - 011918,2224,1838,45,112,1,76,0,160,82.64,2.02,5.04,0.04,3.42,0.0,7.19
ADA - 011919,2326,2122,58,61,4,26,0,50,91.23,2.49,2.62,0.17,1.12,0.0,2.15
ADA - 011920,1200,1158,0,25,9,12,0,15,96.5,0.0,2.08,0.75,1.0,0.0,1.25
ADA - 012001,3253,2441,0,679,39,60,0,34,75.04,0.0,20.87,1.2,1.84,0.0,1.05
ADA - 012002,2968,2618,9,59,5,136,49,92,88.21,0.3,1.99,0.17,4.58,1.65,3.1
ADA - 012003,3108,2688,30,205,6,48,0,131,86.49,0.97,6.6,0.19,1.54,0.0,4.21
ADA - 012004,3885,3347,0,331,0,100,0,107,86.15,0.0,8.52,0.0,2.57,0.0,2.75
ADA - 012005,3550,2864,209,200,0,277,0,0,80.68,5.89,5.63,0.0,7.8,0.0,0.0
ADA - 012006,3389,2952,40,193,5,158,0,41,87.11,1.18,5.69,0.15,4.66,0.0,1.21
ADA - 012007,1783,1481,0,206,0,0,0,96,83.06,0.0,11.55,0.0,0.0,0.0,5.38
ADA - 012008,3868,2742,311,642,0,0,0,173,70.89,8.04,16.6,0.0,0.0,0.0,4.47
ADA - 012009,4376,3683,0,534,0,57,0,102,84.16,0.0,12.2,0.0,1.3,0.0,2.33
ADA - 012010,3199,2912,0,241,6,24,0,16,91.03,0.0,7.53,0.19,0.75,0.0,0.5
ADA - 012011,3108,2631,0,310,0,85,31,53,84.65,0.0,9.97,0.0,2.73,1.0,1.71
ADA - 012012,3760,3177,0,440,35,18,0,90,84.49,0.0,11.7,0.93,0.48,0.0,2.39
ADA - 012013,2687,2475,5,114,0,13,0,80,92.11,0.19,4.24,0.0,0.48,0.0,2.98
ADA - 012101,2790,2674,0,53,7,0,0,56,95.84,0.0,1.9,0.25,0.0,0.0,2.01
ADA - 012102,3173,2762,0,132,0,158,39,82,87.05,0.0,4.16,0.0,4.98,1.23,2.58
ADA - 012103,2580,2226,0,197,0,63,0,94,86.28,0.0,7.64,0.0,2.44,0.0,3.64
ADA - 012104,2797,2399,21,215,15,79,0,28,85.77,0.75,7.69,0.54,2.82,0.0,1.0
ADA - 012105,998,883,29,49,2,70,0,5,88.48,2.91,4.91,0.2,7.01,0.0,0.5
ADA - 012106,6471,5617,39,332,0,216,13,240,86.8,0.6,5.13,0.0,3.34,0.2,3.71
ADA - 012107,1991,1788,15,95,0,21,0,72,89.8,0.75,4.77,0.0,1.05,0.0,3.62
ADA - 012108,2083,1875,0,178,0,10,0,20,90.01,0.0,8.55,0.0,0.48,0.0,0.96
ADA - 012109,2201,1934,0,132,0,81,0,63,87.87,0.0,6.0,0.0,3.68,0.0,2.86
ADA - 012110,2120,1928,0,119,6,41,0,53,90.94,0.0,5.61,0.28,1.93,0.0,2.5
ADA - 012111,4213,3855,4,161,28,49,10,106,91.5,0.09,3.82,0.66,1.16,0.24,2.52
ADA - 012112,3514,3026,7,274,3,57,5,147,86.11,0.2,7.8,0.09,1.62,0.14,4.18
ADA - 012113,2206,1893,28,177,0,43,0,65,85.81,1.27,8.02,0.0,1.95,0.0,2.95
ADA - 012114,2594,2136,55,304,5,29,4,39,82.34,2.12,11.72,0.19,1.12,0.15,1.5
ADA - 012115,3372,2718,82,343,31,178,9,11,80.6,2.43,10.17,0.92,5.28,0.27,0.33
ADA - 012116,2396,1941,14,239,18,112,0,95,81.01,0.58,9.97,0.75,4.67,0.0,3.96
ADA - 012201,3529,3074,5,272,11,97,0,67,87.11,0.14,7.71,0.31,2.75,0.0,1.9
ADA - 012202,2373,2045,0,198,38,32,0,60,86.18,0.0,8.34,1.6,1.35,0.0,2.53
ADA - 012203,3136,2663,57,341,0,0,0,75,84.92,1.82,10.87,0.0,0.0,0.0,2.39
ADA - 012204,4037,3242,109,441,4,116,32,96,80.31,2.7,10.92,0.1,2.87,0.79,2.38
ADA - 012205,1605,1355,4,245,0,0,0,4,84.42,0.25,15.26,0.0,0.0,0.0,0.25
ADA - 012206,4493,3734,37,471,0,36,12,229,83.11,0.82,10.48,0.0,0.8,0.27,5.1
ADA - 012207,4849,4153,21,563,0,0,15,71,85.65,0.43,11.61,0.0,0.0,0.31,1.46
ADA - 012208,5075,4291,30,632,0,10,0,112,84.55,0.59,12.45,0.0,0.2,0.0,2.21
ADA - 012209,2107,1891,28,133,17,0,0,26,89.75,1.33,6.31,0.81,0.0,0.0,1.23
ADA - 012210,2868,2600,0,157,1,38,0,70,90.66,0.0,5.47,0.03,1.32,0.0,2.44
ADA - 012211,3128,2796,17,112,5,139,0,79,89.39,0.54,3.58,0.16,4.44,0.0,2.53
ADA - 012212,3385,3129,1,150,4,15,0,97,92.44,0.03,4.43,0.12,0.44,0.0,2.87
ADA - 012213,217,169,1,29,0,0,0,59,77.88,0.46,13.36,0.0,0.0,0.0,27.19
ADA - 012214,7119,5578,128,792,218,56,0,266,78.35,1.8,11.13,3.06,0.79,0.0,3.74
ADAMS - 039001,450,387,7,40,0,0,0,20,86.0,1.56,8.89,0.0,0.0,0.0,4.44
ADAMS - 039002,1015,920,0,25,12,0,0,54,90.64,0.0,2.46,1.18,0.0,0.0,5.32
ADAMS - 039003,932,862,0,18,16,0,0,33,92.49,0.0,1.93,1.72,0.0,0.0,3.54
ADAMS - 039004,86,80,0,0,8,0,0,0,93.02,0.0,0.0,9.3,0.0,0.0,0.0
ADAMS - 039005,1258,1197,0,0,61,0,0,0,95.15,0.0,0.0,4.85,0.0,0.0,0.0
ADAMS - 039006,139,138,0,0,2,0,0,0,99.28,0.0,0.0,1.44,0.0,0.0,0.0
BANNOCK - 052834,515,424,0,48,0,12,0,31,82.33,0.0,9.32,0.0,2.33,0.0,6.02
BANNOCK - 052835,1277,948,0,220,23,60,0,33,74.24,0.0,17.23,1.8,4.7,0.0,2.58
BANNOCK - 052836,1429,1240,0,132,0,29,0,31,86.77,0.0,9.24,0.0,2.03,0.0,2.17
BANNOCK - 052837,1094,1056,0,16,0,0,0,13,96.53,0.0,1.46,0.0,0.0,0.0,1.19
BANNOCK - 052838,1326,1168,0,91,9,47,0,19,88.08,0.0,6.86,0.68,3.54,0.0,1.43
BANNOCK - 052839,943,844,0,61,0,13,0,1,89.5,0.0,6.47,0.0,1.38,0.0,0.11
BANNOCK - 052840,822,818,0,12,0,0,5,20,99.51,0.0,1.46,0.0,0.0,0.61,2.43
BANNOCK - 052841,1597,1423,0,86,0,11,7,48,89.1,0.0,5.39,0.0,0.69,0.44,3.01
BANNOCK - 052842,984,760,0,136,0,6,0,50,77.24,0.0,13.82,0.0,0.61,0.0,5.08
BANNOCK - 052843,1678,1355,13,193,60,3,0,94,80.75,0.77,11.5,3.58,0.18,0.0,5.6
BANNOCK - 052850,1360,1233,0,89,9,0,0,11,90.66,0.0,6.54,0.66,0.0,0.0,0.81
BANNOCK - 052851,1793,1595,0,178,0,0,28,20,88.96,0.0,9.93,0.0,0.0,1.56,1.12
BANNOCK - 052852,842,772,0,33,0,0,0,25,91.69,0.0,3.92,0.0,0.0,0.0,2.97
BANNOCK - 052853,1994,1345,17,587,4,0,0,52,67.45,0.85,29.44,0.2,0.0,0.0,2.61
BANNOCK - 052854,1334,1153,0,69,0,56,10,46,86.43,0.0,5.17,0.0,4.2,0.75,3.45
BANNOCK - 052855,1440,1159,21,163,11,6,11,48,80.49,1.46,11.32,0.76,0.42,0.76,3.33
BANNOCK - 052856,1219,1011,8,126,11,5,9,36,82.94,0.66,10.34,0.9,0.41,0.74,2.95
BANNOCK - 052857,1282,1139,4,90,13,7,4,17,88.85,0.31,7.02,1.01,0.55,0.31,1.33
BANNOCK - 052858,755,671,0,55,0,13,0,17,88.87,0.0,7.28,0.0,1.72,0.0,2.25
BANNOCK - 052859,905,768,0,91,40,0,3,15,84.86,0.0,10.06,4.42,0.0,0.33,1.66
BANNOCK - 052860,1222,462,0,97,626,0,0,37,37.81,0.0,7.94,51.23,0.0,0.0,3.03
BANNOCK - 052861,841,777,0,27,6,0,0,9,92.39,0.0,3.21,0.71,0.0,0.0,1.07
BANNOCK - 052862,900,819,0,16,25,0,0,64,91.0,0.0,1.78,2.78,0.0,0.0,7.11
BANNOCK - 052863,1012,983,0,25,0,0,0,11,97.13,0.0,2.47,0.0,0.0,0.0,1.09
BANNOCK - 052864,755,661,0,37,0,0,0,57,87.55,0.0,4.9,0.0,0.0,0.0,7.55
BANNOCK - 052865,1181,1114,0,52,1,0,0,19,94.33,0.0,4.4,0.08,0.0,0.0,1.61
BANNOCK - 052867,843,817,0,6,0,0,0,7,96.92,0.0,0.71,0.0,0.0,0.0,0.83
BANNOCK - 052868,95,89,0,3,0,0,0,0,93.68,0.0,3.16,0.0,0.0,0.0,0.0
BANNOCK - 052901,891,860,0,18,0,15,0,0,96.52,0.0,2.02,0.0,1.68,0.0,0.0
BANNOCK - 052902,896,853,0,9,0,0,23,3,95.2,0.0,1.0,0.0,0.0,2.57,0.33
BANNOCK - 052903,769,740,0,17,0,5,0,0,96.23,0.0,2.21,0.0,0.65,0.0,0.0
BANNOCK - 052904,1779,1581,10,105,54,0,0,57,88.87,0.56,5.9,3.04,0.0,0.0,3.2
BANNOCK - 052905,876,718,11,84,14,19,9,13,81.96,1.26,9.59,1.6,2.17,1.03,1.48
BANNOCK - 052906,1414,1146,1,122,35,0,0,87,81.05,0.07,8.63,2.48,0.0,0.0,6.15
BANNOCK - 052907,970,908,0,43,0,0,0,11,93.61,0.0,4.43,0.0,0.0,0.0,1.13
BANNOCK - 052908,1205,966,78,109,2,0,0,49,80.17,6.47,9.05,0.17,0.0,0.0,4.07
BANNOCK - 052909,1239,1074,30,126,19,4,0,6,86.68,2.42,10.17,1.53,0.32,0.0,0.48
BANNOCK - 052910,1642,1540,0,91,0,0,0,11,93.79,0.0,5.54,0.0,0.0,0.0,0.67
BANNOCK - 052911,2170,1948,0,66,119,0,32,20,89.77,0.0,3.04,5.48,0.0,1.47,0.92
BANNOCK - 052912,1007,985,0,28,0,0,0,0,97.82,0.0,2.78,0.0,0.0,0.0,0.0
BANNOCK - 052913,1212,962,0,152,52,0,0,39,79.37,0.0,12.54,4.29,0.0,0.0,3.22
BANNOCK - 052914,1299,1122,0,100,20,25,0,27,86.37,0.0,7.7,1.54,1.92,0.0,2.08
BANNOCK - 052915,1097,873,44,135,3,21,0,27,79.58,4.01,12.31,0.27,1.91,0.0,2.46
BANNOCK - 052917,1074,813,55,140,0,0,0,66,75.7,5.12,13.04,0.0,0.0,0.0,6.15
BANNOCK - 052918,1258,1160,0,58,19,0,0,21,92.21,0.0,4.61,1.51,0.0,0.0,1.67
BANNOCK - 052919,702,670,16,0,13,0,0,0,95.44,2.28,0.0,1.85,0.0,0.0,0.0
BANNOCK - 052920,1188,933,81,73,0,14,0,90,78.54,6.82,6.14,0.0,1.18,0.0,7.58
BANNOCK - 052921,827,738,0,36,8,31,21,3,89.24,0.0,4.35,0.97,3.75,2.54,0.36
BANNOCK - 052922,906,807,0,87,9,0,0,15,89.07,0.0,9.6,0.99,0.0,0.0,1.66
BANNOCK - 052923,996,804,0,149,13,0,0,8,80.72,0.0,14.96,1.31,0.0,0.0,0.8
BANNOCK - 052924,595,529,0,23,29,0,0,22,88.91,0.0,3.87,4.87,0.0,0.0,3.7
BANNOCK - 052925,1336,942,21,214,14,0,0,134,70.51,1.57,16.02,1.05,0.0,0.0,10.03
BANNOCK - 052926,903,722,0,66,26,14,0,51,79.96,0.0,7.31,2.88,1.55,0.0,5.65
BANNOCK - 052927,1030,919,0,92,1,0,0,0,89.22,0.0,8.93,0.1,0.0,0.0,0.0
BANNOCK - 052928,2157,1810,0,305,48,2,0,37,83.91,0.0,14.14,2.23,0.09,0.0,1.72
BANNOCK - 052931,885,627,41,88,30,16,28,44,70.85,4.63,9.94,3.39,1.81,3.16,4.97
BANNOCK - 052932,705,612,62,28,0,0,0,16,86.81,8.79,3.97,0.0,0.0,0.0,2.27
BANNOCK - 052966,1038,978,0,22,11,0,0,33,94.22,0.0,2.12,1.06,0.0,0.0,3.18
BEAR LAKE - 072905,240,233,0,1,0,0,0,3,97.08,0.0,0.42,0.0,0.0,0.0,1.25
BEAR LAKE - 072916,153,154,0,0,0,0,0,0,100.65,0.0,0.0,0.0,0.0,0.0,0.0
BEAR LAKE - 073201,699,669,2,21,0,1,0,5,95.71,0.29,3.0,0.0,0.14,0.0,0.72
BEAR LAKE - 073202,537,504,0,27,0,2,0,4,93.85,0.0,5.03,0.0,0.37,0.0,0.74
BEAR LAKE - 073203,793,744,2,50,0,2,0,0,93.82,0.25,6.31,0.0,0.25,0.0,0.0
BEAR LAKE - 073206,99,98,0,1,0,0,0,0,98.99,0.0,1.01,0.0,0.0,0.0,0.0
BEAR LAKE - 073207,169,159,0,0,23,0,0,0,94.08,0.0,0.0,13.61,0.0,0.0,0.0
BEAR LAKE - 073208,190,190,0,2,0,0,0,2,100.0,0.0,1.05,0.0,0.0,0.0,1.05
BEAR LAKE - 073209,289,276,0,3,0,0,0,0,95.5,0.0,1.04,0.0,0.0,0.0,0.0
BEAR LAKE - 073210,112,103,0,2,0,0,0,0,91.96,0.0,1.79,0.0,0.0,0.0,0.0
BEAR LAKE - 073211,596,557,0,40,0,0,0,0,93.46,0.0,6.71,0.0,0.0,0.0,0.0
BEAR LAKE - 073212,278,270,0,1,5,0,0,0,97.12,0.0,0.36,1.8,0.0,0.0,0.0
BEAR LAKE - 073213,413,397,0,10,5,0,0,0,96.13,0.0,2.42,1.21,0.0,0.0,0.0
BEAR LAKE - 073215,218,213,0,4,0,0,0,1,97.71,0.0,1.83,0.0,0.0,0.0,0.46
BENEWAH - 095001,405,367,1,7,17,0,0,13,90.62,0.25,1.73,4.2,0.0,0.0,3.21
BENEWAH - 095002,718,661,0,24,9,0,5,20,92.06,0.0,3.34,1.25,0.0,0.7,2.79
BENEWAH - 095003,1115,1059,0,41,9,0,0,25,94.98,0.0,3.68,0.81,0.0,0.0,2.24
BENEWAH - 095004,186,183,0,0,0,0,0,4,98.39,0.0,0.0,0.0,0.0,0.0,2.15
BENEWAH - 095005,391,361,0,0,0,0,0,10,92.33,0.0,0.0,0.0,0.0,0.0,2.56
BENEWAH - 095006,1362,891,20,104,323,0,0,49,65.42,1.47,7.64,23.72,0.0,0.0,3.6
BENEWAH - 095007,343,325,0,0,16,0,0,11,94.75,0.0,0.0,4.66,0.0,0.0,3.21
BENEWAH - 095008,94,84,0,0,0,0,0,3,89.36,0.0,0.0,0.0,0.0,0.0,3.19
BENEWAH - 095009,1450,1360,0,19,43,4,0,35,93.79,0.0,1.31,2.97,0.28,0.0,2.41
BENEWAH - 095010,673,508,0,17,78,0,0,53,75.48,0.0,2.53,11.59,0.0,0.0,7.88
BENEWAH - 095011,1167,1079,0,28,21,0,0,17,92.46,0.0,2.4,1.8,0.0,0.0,1.46
BINGHAM - 113101,1775,1374,7,259,46,9,0,80,77.41,0.39,14.59,2.59,0.51,0.0,4.51
BINGHAM - 113102,1492,1358,0,88,1,1,0,43,91.02,0.0,5.9,0.07,0.07,0.0,2.88
BINGHAM - 113103,1194,920,0,272,11,0,0,27,77.05,0.0,22.78,0.92,0.0,0.0,2.26
BINGHAM - 113104,2085,1647,0,303,83,0,0,62,78.99,0.0,14.53,3.98,0.0,0.0,2.97
BINGHAM - 113105,1901,1428,0,397,0,0,0,66,75.12,0.0,20.88,0.0,0.0,0.0,3.47
BINGHAM - 113106,1518,1245,0,184,63,4,0,7,82.02,0.0,12.12,4.15,0.26,0.0,0.46
BINGHAM - 113107,1675,1538,10,93,23,0,0,10,91.82,0.6,5.55,1.37,0.0,0.0,0.6
BINGHAM - 113108,1321,1201,0,115,6,0,0,6,90.92,0.0,8.71,0.45,0.0,0.0,0.45
BINGHAM - 113109,1854,1497,0,211,0,80,0,1,80.74,0.0,11.38,0.0,4.31,0.0,0.05
BINGHAM - 113110,1310,1195,2,89,4,0,0,29,91.22,0.15,6.79,0.31,0.0,0.0,2.21
BINGHAM - 113111,744,635,0,82,0,7,0,23,85.35,0.0,11.02,0.0,0.94,0.0,3.09
BINGHAM - 113112,1077,1009,0,57,8,0,6,41,93.69,0.0,5.29,0.74,0.0,0.56,3.81
BINGHAM - 113113,1895,1635,10,200,0,5,0,23,86.28,0.53,10.55,0.0,0.26,0.0,1.21
BINGHAM - 113114,1603,1264,0,167,0,24,0,144,78.85,0.0,10.42,0.0,1.5,0.0,8.98
BINGHAM - 113115,1887,1071,16,719,29,0,0,16,56.76,0.85,38.1,1.54,0.0,0.0,0.85
BINGHAM - 113116,471,476,0,4,0,0,0,0,101.06,0.0,0.85,0.0,0.0,0.0,0.0
BINGHAM - 113117,1127,1016,0,113,6,0,0,12,90.15,0.0,10.03,0.53,0.0,0.0,1.06
BINGHAM - 113118,723,673,0,26,24,0,2,3,93.08,0.0,3.6,3.32,0.0,0.28,0.41
BINGHAM - 113119,713,580,0,109,7,0,0,33,81.35,0.0,15.29,0.98,0.0,0.0,4.63
BINGHAM - 113120,1838,361,4,92,1331,0,0,49,19.64,0.22,5.01,72.42,0.0,0.0,2.67
BINGHAM - 113121,1975,1754,0,175,0,0,0,69,88.81,0.0,8.86,0.0,0.0,0.0,3.49
BINGHAM - 113122,1016,934,0,71,4,0,0,4,91.93,0.0,6.99,0.39,0.0,0.0,0.39
BINGHAM - 113123,790,660,0,77,8,3,0,0,83.54,0.0,9.75,1.01,0.38,0.0,0.0
BINGHAM - 113124,867,751,0,106,0,3,0,13,86.62,0.0,12.23,0.0,0.35,0.0,1.5
BINGHAM - 113125,812,743,0,58,12,0,5,7,91.5,0.0,7.14,1.48,0.0,0.62,0.86
BINGHAM - 113126,26,27,0,0,0,0,0,0,103.85,0.0,0.0,0.0,0.0,0.0,0.0
BINGHAM - 113127,2,0,0,1,0,0,0,0,0.0,0.0,50.0,0.0,0.0,0.0,0.0
BINGHAM - 113128,2,0,0,1,0,0,0,0,0.0,0.0,50.0,0.0,0.0,0.0,0.0
BLAINE - 132601,15,7,0,11,0,0,0,0,46.67,0.0,73.33,0.0,0.0,0.0,0.0
BLAINE - 132602,744,566,0,166,0,1,0,8,76.08,0.0,22.31,0.0,0.13,0.0,1.08
BLAINE - 132603,918,673,0,240,0,0,0,0,73.31,0.0,26.14,0.0,0.0,0.0,0.0
BLAINE - 132604,1154,1167,0,10,0,0,0,34,101.13,0.0,0.87,0.0,0.0,0.0,2.95
BLAINE - 132605,474,448,0,14,5,1,0,26,94.51,0.0,2.95,1.05,0.21,0.0,5.49
BLAINE - 132606,665,640,0,24,0,0,0,2,96.24,0.0,3.61,0.0,0.0,0.0,0.3
BLAINE - 132607,1485,1004,0,426,0,0,0,0,67.61,0.0,28.69,0.0,0.0,0.0,0.0
BLAINE - 132608,1009,886,0,124,0,0,0,0,87.81,0.0,12.29,0.0,0.0,0.0,0.0
BLAINE - 132609,1260,1173,0,40,28,0,0,24,93.1,0.0,3.17,2.22,0.0,0.0,1.9
BLAINE - 132610,898,861,0,0,0,0,0,30,95.88,0.0,0.0,0.0,0.0,0.0,3.34
BLAINE - 132611,1753,1288,0,376,0,0,0,40,73.47,0.0,21.45,0.0,0.0,0.0,2.28
BLAINE - 132612,1648,1371,0,258,0,15,0,52,83.19,0.0,15.66,0.0,0.91,0.0,3.16
BLAINE - 132613,1774,1386,0,263,0,55,0,61,78.13,0.0,14.83,0.0,3.1,0.0,3.44
BLAINE - 132614,1631,1551,19,37,0,46,0,2,95.1,1.16,2.27,0.0,2.82,0.0,0.12
BLAINE - 132615,1324,1259,28,22,0,0,0,0,95.09,2.11,1.66,0.0,0.0,0.0,0.0
BLAINE - 132616,1594,1465,33,80,0,0,0,0,91.91,2.07,5.02,0.0,0.0,0.0,0.0
BOISE - 158030,1738,1621,4,39,0,0,0,70,93.27,0.23,2.24,0.0,0.0,0.0,4.03
BOISE - 158040,1428,1246,0,59,6,23,0,93,87.25,0.0,4.13,0.42,1.61,0.0,6.51
BOISE - 158050,1257,1167,0,56,26,11,0,11,92.84,0.0,4.46,2.07,0.88,0.0,0.88
BOISE - 158060,253,243,0,0,0,0,0,10,96.05,0.0,0.0,0.0,0.0,0.0,3.95
BOISE - 158070,1802,1598,0,75,4,90,0,35,88.68,0.0,4.16,0.22,4.99,0.0,1.94
BOISE - 158080,440,393,0,24,0,2,0,12,89.32,0.0,5.45,0.0,0.45,0.0,2.73
BONNER - 171001,1724,1541,103,33,2,2,0,85,89.39,5.97,1.91,0.12,0.12,0.0,4.93
BONNER - 171002,1002,969,0,22,0,9,0,0,96.71,0.0,2.2,0.0,0.9,0.0,0.0
BONNER - 171003,1841,1715,0,69,0,39,0,23,93.16,0.0,3.75,0.0,2.12,0.0,1.25
BONNER - 171004,720,674,0,9,0,0,0,37,93.61,0.0,1.25,0.0,0.0,0.0,5.14
BONNER - 171006,1275,1162,0,37,0,0,0,64,91.14,0.0,2.9,0.0,0.0,0.0,5.02
BONNER - 171007,587,583,3,5,0,2,0,0,99.32,0.51,0.85,0.0,0.34,0.0,0.0
BONNER - 171008,1766,1685,0,32,10,0,0,10,95.41,0.0,1.81,0.57,0.0,0.0,0.57
BONNER - 171009,773,708,4,37,0,1,0,36,91.59,0.52,4.79,0.0,0.13,0.0,4.66
BONNER - 171010,1227,1158,0,17,11,0,0,40,94.38,0.0,1.39,0.9,0.0,0.0,3.26
BONNER - 171011,2542,2366,0,103,53,0,0,53,93.08,0.0,4.05,2.08,0.0,0.0,2.08
BONNER - 171013,1007,981,0,5,0,26,0,5,97.42,0.0,0.5,0.0,2.58,0.0,0.5
BONNER - 171014,767,758,0,2,4,0,0,10,98.83,0.0,0.26,0.52,0.0,0.0,1.3
BONNER - 171015,1942,1750,0,105,3,0,6,64,90.11,0.0,5.41,0.15,0.0,0.31,3.3
BONNER - 171016,342,316,0,4,2,0,0,8,92.4,0.0,1.17,0.58,0.0,0.0,2.34
BONNER - 171017,3016,2791,0,109,0,12,0,79,92.54,0.0,3.61,0.0,0.4,0.0,2.62
BONNER - 171018,643,603,0,31,3,0,0,3,93.78,0.0,4.82,0.47,0.0,0.0,0.47
BONNER - 171020,599,581,0,13,0,0,0,0,96.99,0.0,2.17,0.0,0.0,0.0,0.0
BONNER - 171021,583,564,0,0,3,0,0,18,96.74,0.0,0.0,0.51,0.0,0.0,3.09
BONNER - 171022,2424,2308,0,32,34,13,7,26,95.21,0.0,1.32,1.4,0.54,0.29,1.07
BONNER - 171023,423,402,0,24,0,0,0,0,95.04,0.0,5.67,0.0,0.0,0.0,0.0
BONNER - 171024,606,536,0,41,0,0,0,26,88.45,0.0,6.77,0.0,0.0,0.0,4.29
BONNER - 171026,1395,1295,18,37,11,9,0,16,92.83,1.29,2.65,0.79,0.65,0.0,1.15
BONNER - 171029,1988,1835,0,45,35,0,2,61,92.3,0.0,2.26,1.76,0.0,0.1,3.07
BONNER - 171030,2204,2016,13,43,22,21,0,88,91.47,0.59,1.95,1.0,0.95,0.0,3.99
BONNER - 171031,1611,1559,2,12,0,12,21,0,96.77,0.12,0.74,0.0,0.74,1.3,0.0
BONNER - 171032,611,586,0,6,0,0,0,20,95.91,0.0,0.98,0.0,0.0,0.0,3.27
BONNER - 171033,500,494,0,10,0,0,0,0,98.8,0.0,2.0,0.0,0.0,0.0,0.0
BONNER - 17127A,477,408,0,0,4,53,0,17,85.53,0.0,0.0,0.84,11.11,0.0,3.56
BONNER - 17127B,771,708,0,2,0,0,0,59,91.83,0.0,0.26,0.0,0.0,0.0,7.65
BONNER - 177005,833,790,0,22,3,0,0,14,94.84,0.0,2.64,0.36,0.0,0.0,1.68
BONNER - 177012,736,713,0,7,4,0,0,0,96.88,0.0,0.95,0.54,0.0,0.0,0.0
BONNER - 177019,394,387,0,5,0,0,0,8,98.22,0.0,1.27,0.0,0.0,0.0,2.03
BONNER - 177025,1856,1798,0,44,0,29,0,18,96.88,0.0,2.37,0.0,1.56,0.0,0.97
BONNER - 177028,1368,1241,0,95,0,0,0,15,90.72,0.0,6.94,0.0,0.0,0.0,1.1
BONNEVILLE - 193001,1796,1495,0,176,0,0,0,123,83.24,0.0,9.8,0.0,0.0,0.0,6.85
BONNEVILLE - 193013,2504,1888,0,257,140,63,15,113,75.4,0.0,10.26,5.59,2.52,0.6,4.51
BONNEVILLE - 193021,2516,2022,0,436,0,7,0,29,80.37,0.0,17.33,0.0,0.28,0.0,1.15
BONNEVILLE - 193022,2502,2243,3,211,6,0,0,46,89.65,0.12,8.43,0.24,0.0,0.0,1.84
BONNEVILLE - 193025,897,715,0,172,0,0,0,24,79.71,0.0,19.18,0.0,0.0,0.0,2.68
BONNEVILLE - 193027,2135,1862,0,193,9,0,44,8,87.21,0.0,9.04,0.42,0.0,2.06,0.37
BONNEVILLE - 193028,1653,1489,0,163,0,0,0,7,90.08,0.0,9.86,0.0,0.0,0.0,0.42
BONNEVILLE - 193037,969,812,0,95,0,66,0,0,83.8,0.0,9.8,0.0,6.81,0.0,0.0
BONNEVILLE - 193038,1240,1053,3,135,0,18,0,6,84.92,0.24,10.89,0.0,1.45,0.0,0.48
BONNEVILLE - 193039,1460,1384,0,9,0,0,0,23,94.79,0.0,0.62,0.0,0.0,0.0,1.58
BONNEVILLE - 193040,2353,1844,9,377,0,11,0,44,78.37,0.38,16.02,0.0,0.47,0.0,1.87
BONNEVILLE - 193041,1232,1107,0,93,9,12,0,8,89.85,0.0,7.55,0.73,0.97,0.0,0.65
BONNEVILLE - 193042,1385,1268,0,88,5,5,0,13,91.55,0.0,6.35,0.36,0.36,0.0,0.94
BONNEVILLE - 193045,3063,2742,71,266,0,15,0,54,89.52,2.32,8.68,0.0,0.49,0.0,1.76
BONNEVILLE - 193046,3315,2817,0,397,20,81,0,0,84.98,0.0,11.98,0.6,2.44,0.0,0.0
BONNEVILLE - 193047,1540,1238,10,280,0,12,0,0,80.39,0.65,18.18,0.0,0.78,0.0,0.0
BONNEVILLE - 193048,1709,1432,6,195,0,37,0,74,83.79,0.35,11.41,0.0,2.17,0.0,4.33
BONNEVILLE - 193049,2380,2036,1,280,0,26,0,20,85.55,0.04,11.76,0.0,1.09,0.0,0.84
BONNEVILLE - 193050,1568,1435,10,60,0,6,0,46,91.52,0.64,3.83,0.0,0.38,0.0,2.93
BONNEVILLE - 193051,1254,1077,0,161,0,0,0,16,85.89,0.0,12.84,0.0,0.0,0.0,1.28
BONNEVILLE - 193052,1799,1651,0,108,11,0,4,42,91.77,0.0,6.0,0.61,0.0,0.22,2.33
BONNEVILLE - 193057,1174,1133,0,14,6,0,0,30,96.51,0.0,1.19,0.51,0.0,0.0,2.56
BONNEVILLE - 193255,701,683,0,12,0,0,0,0,97.43,0.0,1.71,0.0,0.0,0.0,0.0
BONNEVILLE - 193256,73,72,0,1,0,0,0,0,98.63,0.0,1.37,0.0,0.0,0.0,0.0
BONNEVILLE - 193258,1857,1685,0,131,12,0,1,24,90.74,0.0,7.05,0.65,0.0,0.05,1.29
BONNEVILLE - 193259,1572,1475,0,86,0,9,0,3,93.83,0.0,5.47,0.0,0.57,0.0,0.19
BONNEVILLE - 193302,2462,1853,23,556,0,0,0,30,75.26,0.93,22.58,0.0,0.0,0.0,1.22
BONNEVILLE - 193303,1508,1145,0,177,3,0,0,174,75.93,0.0,11.74,0.2,0.0,0.0,11.54
BONNEVILLE - 193304,1586,1281,5,293,0,17,0,13,80.77,0.32,18.47,0.0,1.07,0.0,0.82
BONNEVILLE - 193305,1924,1618,0,312,4,7,0,1,84.1,0.0,16.22,0.21,0.36,0.0,0.05
BONNEVILLE - 193306,1158,1051,0,114,0,0,0,1,90.76,0.0,9.84,0.0,0.0,0.0,0.09
BONNEVILLE - 193307,2318,1913,23,309,14,13,3,30,82.53,0.99,13.33,0.6,0.56,0.13,1.29
BONNEVILLE - 193308,2357,2070,0,214,23,0,0,50,87.82,0.0,9.08,0.98,0.0,0.0,2.12
BONNEVILLE - 193309,2757,2329,4,360,44,0,0,17,84.48,0.15,13.06,1.6,0.0,0.0,0.62
BONNEVILLE - 193310,1634,1495,0,97,11,22,0,23,91.49,0.0,5.94,0.67,1.35,0.0,1.41
BONNEVILLE - 193311,2054,1812,17,139,0,0,0,121,88.22,0.83,6.77,0.0,0.0,0.0,5.89
BONNEVILLE - 193312,1483,1308,38,100,2,0,0,27,88.2,2.56,6.74,0.13,0.0,0.0,1.82
BONNEVILLE - 193314,1314,1137,29,81,0,23,1,42,86.53,2.21,6.16,0.0,1.75,0.08,3.2
BONNEVILLE - 193315,1474,1286,0,114,22,13,0,30,87.25,0.0,7.73,1.49,0.88,0.0,2.04
BONNEVILLE - 193316,1513,1288,11,126,18,0,0,65,85.13,0.73,8.33,1.19,0.0,0.0,4.3
BONNEVILLE - 193317,1635,1421,10,137,5,0,0,66,86.91,0.61,8.38,0.31,0.0,0.0,4.04
BONNEVILLE - 193318,1898,1509,26,286,47,4,0,18,79.5,1.37,15.07,2.48,0.21,0.0,0.95
BONNEVILLE - 193319,1503,1350,14,112,0,0,0,23,89.82,0.93,7.45,0.0,0.0,0.0,1.53
BONNEVILLE - 193320,2298,2031,52,167,4,7,0,65,88.38,2.26,7.27,0.17,0.3,0.0,2.83
BONNEVILLE - 193323,1863,1659,0,156,20,5,0,12,89.05,0.0,8.37,1.07,0.27,0.0,0.64
BONNEVILLE - 193324,1535,1358,0,144,0,11,0,8,88.47,0.0,9.38,0.0,0.72,0.0,0.52
BONNEVILLE - 193326,2342,1879,0,169,0,174,0,114,80.23,0.0,7.22,0.0,7.43,0.0,4.87
BONNEVILLE - 193443,1560,1423,6,87,0,0,0,13,91.22,0.38,5.58,0.0,0.0,0.0,0.83
BONNEVILLE - 193444,1528,1378,3,128,0,0,0,84,90.18,0.2,8.38,0.0,0.0,0.0,5.5
BONNEVILLE - 193453,1095,1054,0,18,0,5,0,14,96.26,0.0,1.64,0.0,0.46,0.0,1.28
BONNEVILLE - 193454,571,524,0,55,0,0,0,0,91.77,0.0,9.63,0.0,0.0,0.0,0.0
BOUNDARY - 211001,502,450,0,63,0,10,0,5,89.64,0.0,12.55,0.0,1.99,0.0,1.0
BOUNDARY - 211002,720,640,0,10,22,0,0,41,88.89,0.0,1.39,3.06,0.0,0.0,5.69
BOUNDARY - 211003,1210,1008,0,13,0,0,0,46,83.31,0.0,1.07,0.0,0.0,0.0,3.8
BOUNDARY - 211004,2625,2550,0,60,0,0,0,17,97.14,0.0,2.29,0.0,0.0,0.0,0.65
BOUNDARY - 211005,1867,1653,0,124,28,0,0,60,88.54,0.0,6.64,1.5,0.0,0.0,3.21
BOUNDARY - 211006,1430,1346,0,54,42,17,0,96,94.13,0.0,3.78,2.94,1.19,0.0,6.71
BOUNDARY - 211007,1235,1180,0,37,0,0,0,17,95.55,0.0,3.0,0.0,0.0,0.0,1.38
BUTTE - 233501,587,534,0,39,0,0,0,20,90.97,0.0,6.64,0.0,0.0,0.0,3.41
BUTTE - 233502,427,402,0,21,0,0,0,0,94.15,0.0,4.92,0.0,0.0,0.0,0.0
BUTTE - 233503,246,229,0,17,0,0,0,0,93.09,0.0,6.91,0.0,0.0,0.0,0.0
BUTTE - 233504,695,661,0,21,0,0,0,11,95.11,0.0,3.02,0.0,0.0,0.0,1.58
CAMAS - 252601,390,339,0,39,2,0,0,9,86.92,0.0,10.0,0.51,0.0,0.0,2.31
CAMAS - 252602,422,368,0,42,5,0,0,8,87.2,0.0,9.95,1.18,0.0,0.0,1.9
CANYON - 271007,1529,702,0,725,6,0,0,47,45.91,0.0,47.42,0.39,0.0,0.0,3.07
CANYON - 271008,2339,1575,0,557,0,34,67,90,67.34,0.0,23.81,0.0,1.45,2.86,3.85
CANYON - 271009,3473,2402,15,1034,6,13,0,70,69.16,0.43,29.77,0.17,0.37,0.0,2.02
CANYON - 271010,1992,1353,28,510,7,41,0,60,67.92,1.41,25.6,0.35,2.06,0.0,3.01
CANYON - 271011,2048,1378,42,530,7,33,12,21,67.29,2.05,25.88,0.34,1.61,0.59,1.03
CANYON - 271012,3263,2544,0,732,0,24,0,79,77.97,0.0,22.43,0.0,0.74,0.0,2.42
CANYON - 271013,2794,1751,4,840,0,120,0,79,62.67,0.14,30.06,0.0,4.29,0.0,2.83
CANYON - 271014,2858,1897,0,694,118,31,23,95,66.38,0.0,24.28,4.13,1.08,0.8,3.32
CANYON - 271015,2836,1325,0,1239,13,0,0,97,46.72,0.0,43.69,0.46,0.0,0.0,3.42
CANYON - 271016,6604,5054,23,1322,20,58,47,106,76.53,0.35,20.02,0.3,0.88,0.71,1.61
CANYON - 271017,1621,999,0,522,0,26,0,51,61.63,0.0,32.2,0.0,1.6,0.0,3.15
CANYON - 271018,2202,1241,0,689,16,66,0,190,56.36,0.0,31.29,0.73,3.0,0.0,8.63
CANYON - 271019,2451,1515,0,853,0,0,0,85,61.81,0.0,34.8,0.0,0.0,0.0,3.47
CANYON - 271020,746,709,0,36,3,8,0,22,95.04,0.0,4.83,0.4,1.07,0.0,2.95
CANYON - 271126,2299,1954,11,280,0,4,0,47,84.99,0.48,12.18,0.0,0.17,0.0,2.04
CANYON - 271127,2624,2310,0,244,0,10,44,20,88.03,0.0,9.3,0.0,0.38,1.68,0.76
CANYON - 271128,2017,1758,4,211,0,20,20,3,87.16,0.2,10.46,0.0,0.99,0.99,0.15
CANYON - 271129,2876,2551,0,249,3,9,20,37,88.7,0.0,8.66,0.1,0.31,0.7,1.29
CANYON - 271130,3346,2949,0,273,7,98,4,21,88.14,0.0,8.16,0.21,2.93,0.12,0.63
CANYON - 271131,2864,2096,0,515,0,98,0,178,73.18,0.0,17.98,0.0,3.42,0.0,6.22
CANYON - 271132,2273,2073,0,185,0,0,0,14,91.2,0.0,8.14,0.0,0.0,0.0,0.62
CANYON - 271133,1054,951,0,45,2,43,0,17,90.23,0.0,4.27,0.19,4.08,0.0,1.61
CANYON - 271134,821,648,5,107,0,10,0,13,78.93,0.61,13.03,0.0,1.22,0.0,1.58
CANYON - 271135,2249,1650,0,455,0,111,0,48,73.37,0.0,20.23,0.0,4.94,0.0,2.13
CANYON - 271136,1737,1035,0,568,9,7,0,92,59.59,0.0,32.7,0.52,0.4,0.0,5.3
CANYON - 271137,1404,1355,0,55,3,0,0,36,96.51,0.0,3.92,0.21,0.0,0.0,2.56
CANYON - 271138,1088,966,0,112,9,0,0,2,88.79,0.0,10.29,0.83,0.0,0.0,0.18
CANYON - 271139,2032,1784,2,227,12,9,0,6,87.8,0.1,11.17,0.59,0.44,0.0,0.3
CANYON - 271140,4259,3281,0,713,25,66,0,174,77.04,0.0,16.74,0.59,1.55,0.0,4.09
CANYON - 271141,3887,3373,38,431,0,1,0,84,86.78,0.98,11.09,0.0,0.03,0.0,2.16
CANYON - 271142,3736,3374,0,260,19,0,0,47,90.31,0.0,6.96,0.51,0.0,0.0,1.26
CANYON - 271143,1355,1262,0,94,0,0,0,11,93.14,0.0,6.94,0.0,0.0,0.0,0.81
CANYON - 271144,631,408,4,152,2,37,0,44,64.66,0.63,24.09,0.32,5.86,0.0,6.97
CANYON - 271249,3954,2775,0,1070,0,0,0,114,70.18,0.0,27.06,0.0,0.0,0.0,2.88
CANYON - 271250,1776,1449,4,277,0,45,0,0,81.59,0.23,15.6,0.0,2.53,0.0,0.0
CANYON - 271251,3193,2492,120,515,13,5,0,46,78.05,3.76,16.13,0.41,0.16,0.0,1.44
CANYON - 271252,3459,2893,21,355,48,30,0,113,83.64,0.61,10.26,1.39,0.87,0.0,3.27
CANYON - 271253,4484,3812,86,381,49,78,0,75,85.01,1.92,8.5,1.09,1.74,0.0,1.67
CANYON - 271254,4532,3629,125,573,5,35,0,162,80.08,2.76,12.64,0.11,0.77,0.0,3.57
CANYON - 271255,2513,2282,0,218,0,0,0,13,90.81,0.0,8.67,0.0,0.0,0.0,0.52
CANYON - 271256,2237,1823,30,288,10,4,0,86,81.49,1.34,12.87,0.45,0.18,0.0,3.84
CANYON - 271257,4323,2655,73,1236,80,37,26,211,61.42,1.69,28.59,1.85,0.86,0.6,4.88
CANYON - 271258,1875,1617,0,161,0,45,0,52,86.24,0.0,8.59,0.0,2.4,0.0,2.77
CANYON - 271259,3840,2892,0,770,0,53,18,98,75.31,0.0,20.05,0.0,1.38,0.47,2.55
CANYON - 271260,3064,2488,65,421,0,13,0,77,81.2,2.12,13.74,0.0,0.42,0.0,2.51
CANYON - 271261,2750,1944,5,641,0,5,3,134,70.69,0.18,23.31,0.0,0.18,0.11,4.87
CANYON - 271262,3310,2743,0,516,0,5,0,44,82.87,0.0,15.59,0.0,0.15,0.0,1.33
CANYON - 271369,2573,1683,0,776,5,5,0,107,65.41,0.0,30.16,0.19,0.19,0.0,4.16
CANYON - 271370,2155,1745,22,280,9,12,0,91,80.97,1.02,12.99,0.42,0.56,0.0,4.22
CANYON - 271371,2146,1342,0,763,0,28,0,13,62.53,0.0,35.55,0.0,1.3,0.0,0.61
CANYON - 271372,1967,1514,6,413,0,0,0,24,76.97,0.31,21.0,0.0,0.0,0.0,1.22
CANYON - 271373,3090,2360,72,490,11,19,0,170,76.38,2.33,15.86,0.36,0.61,0.0,5.5
CANYON - 271374,4512,3643,0,797,3,15,0,57,80.74,0.0,17.66,0.07,0.33,0.0,1.26
CANYON - 271375,2363,1817,4,534,0,0,0,18,76.89,0.17,22.6,0.0,0.0,0.0,0.76
CANYON - 271376,5550,4161,14,1207,0,0,0,150,74.97,0.25,21.75,0.0,0.0,0.0,2.7
CANYON - 271377,2698,2214,9,463,9,0,0,14,82.06,0.33,17.16,0.33,0.0,0.0,0.52
CANYON - 271378,3811,3016,15,676,0,18,12,58,79.14,0.39,17.74,0.0,0.47,0.31,1.52
CANYON - 271379,2129,1830,0,217,0,11,0,2,85.96,0.0,10.19,0.0,0.52,0.0,0.09
CANYON - 271380,3505,2757,154,572,0,16,0,75,78.66,4.39,16.32,0.0,0.46,0.0,2.14
CANYON - 271381,2473,1962,0,429,0,0,0,92,79.34,0.0,17.35,0.0,0.0,0.0,3.72
CANYON - 271382,2950,2034,80,747,0,82,0,10,68.95,2.71,25.32,0.0,2.78,0.0,0.34
CANYON - 279001,2245,1825,0,388,6,11,4,11,81.29,0.0,17.28,0.27,0.49,0.18,0.49
CANYON - 279002,1232,1011,8,139,3,25,0,32,82.06,0.65,11.28,0.24,2.03,0.0,2.6
CANYON - 279003,2383,2094,0,177,0,12,0,78,87.87,0.0,7.43,0.0,0.5,0.0,3.27
CARIBOU - 293201,1095,1077,0,20,0,0,0,16,98.36,0.0,1.83,0.0,0.0,0.0,1.46
CARIBOU - 293202,799,770,0,23,0,0,0,13,96.37,0.0,2.88,0.0,0.0,0.0,1.63
CARIBOU - 293203,725,673,5,32,2,0,0,18,92.83,0.69,4.41,0.28,0.0,0.0,2.48
CARIBOU - 293204,361,352,0,11,0,0,0,0,97.51,0.0,3.05,0.0,0.0,0.0,0.0
CARIBOU - 293205,563,516,0,14,0,0,0,30,91.65,0.0,2.49,0.0,0.0,0.0,5.33
CARIBOU - 293206,102,93,1,8,0,0,0,6,91.18,0.98,7.84,0.0,0.0,0.0,5.88
CARIBOU - 293207,740,697,0,8,4,0,0,16,94.19,0.0,1.08,0.54,0.0,0.0,2.16
CARIBOU - 293208,588,554,0,16,0,0,0,3,94.22,0.0,2.72,0.0,0.0,0.0,0.51
CARIBOU - 293209,30,25,0,0,0,0,0,0,83.33,0.0,0.0,0.0,0.0,0.0,0.0
CASSIA - 312701,721,340,0,324,0,18,0,14,47.16,0.0,44.94,0.0,2.5,0.0,1.94
CASSIA - 312702,812,580,0,162,26,0,0,42,71.43,0.0,19.95,3.2,0.0,0.0,5.17
CASSIA - 312703,1134,730,4,394,0,0,4,26,64.37,0.35,34.74,0.0,0.0,0.35,2.29
CASSIA - 312704,1406,1093,3,285,0,0,0,12,77.74,0.21,20.27,0.0,0.0,0.0,0.85
CASSIA - 312705,1097,889,0,167,0,10,0,24,81.04,0.0,15.22,0.0,0.91,0.0,2.19
CASSIA - 312706,1647,972,35,517,2,0,0,116,59.02,2.13,31.39,0.12,0.0,0.0,7.04
CASSIA - 312707,376,363,0,13,0,0,0,0,96.54,0.0,3.46,0.0,0.0,0.0,0.0
CASSIA - 312708,158,169,0,0,0,0,0,0,106.96,0.0,0.0,0.0,0.0,0.0,0.0
CASSIA - 312709,87,84,0,1,0,0,0,0,96.55,0.0,1.15,0.0,0.0,0.0,0.0
CASSIA - 312710,868,762,0,82,0,0,0,23,87.79,0.0,9.45,0.0,0.0,0.0,2.65
CASSIA - 312711,176,169,0,5,0,0,0,9,96.02,0.0,2.84,0.0,0.0,0.0,5.11
CASSIA - 312712,1378,1215,0,153,0,9,0,14,88.17,0.0,11.1,0.0,0.65,0.0,1.02
CASSIA - 312713,346,140,0,204,0,0,0,0,40.46,0.0,58.96,0.0,0.0,0.0,0.0
CASSIA - 312714,252,213,0,27,0,0,0,5,84.52,0.0,10.71,0.0,0.0,0.0,1.98
CASSIA - 312715,529,495,0,25,0,0,0,0,93.57,0.0,4.73,0.0,0.0,0.0,0.0
CASSIA - 312716,387,363,0,32,0,0,0,0,93.8,0.0,8.27,0.0,0.0,0.0,0.0
CASSIA - 312717,558,507,0,53,0,0,0,1,90.86,0.0,9.5,0.0,0.0,0.0,0.18
CASSIA - 312718,132,72,0,44,0,0,0,0,54.55,0.0,33.33,0.0,0.0,0.0,0.0
CASSIA - 312719,585,402,2,161,0,0,0,17,68.72,0.34,27.52,0.0,0.0,0.0,2.91
CASSIA - 312720,948,706,21,196,0,0,0,25,74.47,2.22,20.68,0.0,0.0,0.0,2.64
CASSIA - 312721,1022,903,0,137,0,0,0,11,88.36,0.0,13.41,0.0,0.0,0.0,1.08
CASSIA - 312722,41,42,0,0,0,0,0,0,102.44,0.0,0.0,0.0,0.0,0.0,0.0
CASSIA - 312723,710,584,0,102,0,5,0,16,82.25,0.0,14.37,0.0,0.7,0.0,2.25
CASSIA - 312724,299,227,3,68,0,0,0,0,75.92,1.0,22.74,0.0,0.0,0.0,0.0
CASSIA - 312725,324,166,0,140,8,0,0,10,51.23,0.0,43.21,2.47,0.0,0.0,3.09
CLARK - 333501,201,164,0,37,0,4,0,0,81.59,0.0,18.41,0.0,1.99,0.0,0.0
CLARK - 333502,118,88,0,29,0,0,0,0,74.58,0.0,24.58,0.0,0.0,0.0,0.0
CLARK - 333503,164,141,0,20,0,0,0,0,85.98,0.0,12.2,0.0,0.0,0.0,0.0
CLEARWATER - 357001,1160,1032,0,44,15,14,0,62,88.97,0.0,3.79,1.29,1.21,0.0,5.34
CLEARWATER - 357002,1528,1364,6,48,26,5,2,40,89.27,0.39,3.14,1.7,0.33,0.13,2.62
CLEARWATER - 357003,972,862,0,114,9,0,3,25,88.68,0.0,11.73,0.93,0.0,0.31,2.57
CLEARWATER - 357004,606,561,11,12,0,6,0,18,92.57,1.82,1.98,0.0,0.99,0.0,2.97
CLEARWATER - 357005,852,781,0,10,6,11,0,42,91.67,0.0,1.17,0.7,1.29,0.0,4.93
CLEARWATER - 357006,152,130,0,5,0,0,0,3,85.53,0.0,3.29,0.0,0.0,0.0,1.97
CLEARWATER - 357007,65,61,0,1,0,0,0,1,93.85,0.0,1.54,0.0,0.0,0.0,1.54
CLEARWATER - 357008,201,180,4,0,7,0,0,2,89.55,1.99,0.0,3.48,0.0,0.0,1.0
CLEARWATER - 357009,776,746,0,5,6,0,0,25,96.13,0.0,0.64,0.77,0.0,0.0,3.22
CLEARWATER - 357010,22,19,0,5,0,0,0,0,86.36,0.0,22.73,0.0,0.0,0.0,0.0
CLEARWATER - 357011,424,359,0,0,49,0,0,24,84.67,0.0,0.0,11.56,0.0,0.0,5.66
CLEARWATER - 357012,453,451,0,0,0,0,0,0,99.56,0.0,0.0,0.0,0.0,0.0,0.0
CLEARWATER - 357013,152,152,0,0,0,0,0,0,100.0,0.0,0.0,0.0,0.0,0.0,0.0
CLEARWATER - 357014,163,146,0,10,0,0,0,6,89.57,0.0,6.13,0.0,0.0,0.0,3.68
CUSTER - 378001,559,501,4,6,3,88,0,10,89.62,0.72,1.07,0.54,15.74,0.0,1.79
CUSTER - 378002,363,321,1,4,0,0,0,4,88.43,0.28,1.1,0.0,0.0,0.0,1.1
CUSTER - 378003,726,692,3,9,0,0,0,8,95.32,0.41,1.24,0.0,0.0,0.0,1.1
CUSTER - 378004,237,215,0,13,0,0,0,1,90.72,0.0,5.49,0.0,0.0,0.0,0.42
CUSTER - 378005,94,73,0,4,5,0,0,1,77.66,0.0,4.26,5.32,0.0,0.0,1.06
CUSTER - 378006,245,237,0,4,0,0,0,0,96.73,0.0,1.63,0.0,0.0,0.0,0.0
CUSTER - 378007,495,477,3,3,0,15,0,15,96.36,0.61,0.61,0.0,3.03,0.0,3.03
CUSTER - 378008,422,411,0,16,0,0,0,0,97.39,0.0,3.79,0.0,0.0,0.0,0.0
CUSTER - 378009,685,589,3,32,6,30,0,19,85.99,0.44,4.67,0.88,4.38,0.0,2.77
ELMORE - 392301,29,29,0,0,0,0,0,0,100.0,0.0,0.0,0.0,0.0,0.0,0.0
ELMORE - 392303,101,60,0,26,0,2,0,7,59.41,0.0,25.74,0.0,1.98,0.0,6.93
ELMORE - 392304,1265,1077,13,146,8,2,0,20,85.14,1.03,11.54,0.63,0.16,0.0,1.58
ELMORE - 392305,478,336,0,103,8,5,0,10,70.29,0.0,21.55,1.67,1.05,0.0,2.09
ELMORE - 392306,312,309,0,5,0,0,0,0,99.04,0.0,1.6,0.0,0.0,0.0,0.0
ELMORE - 392307,338,334,0,10,0,0,0,7,98.82,0.0,2.96,0.0,0.0,0.0,2.07
ELMORE - 392308,2711,1829,249,435,0,40,11,151,67.47,9.18,16.05,0.0,1.48,0.41,5.57
ELMORE - 392309,2121,1508,7,356,9,114,44,59,71.1,0.33,16.78,0.42,5.37,2.07,2.78
ELMORE - 392310,1650,1262,20,229,44,27,0,45,76.48,1.21,13.88,2.67,1.64,0.0,2.73
ELMORE - 392311,1724,1292,51,235,22,13,0,122,74.94,2.96,13.63,1.28,0.75,0.0,7.08
ELMORE - 392312,1840,1554,7,143,0,17,0,138,84.46,0.38,7.77,0.0,0.92,0.0,7.5
ELMORE - 392313,1063,887,24,64,8,73,0,21,83.44,2.26,6.02,0.75,6.87,0.0,1.98
ELMORE - 392314,1600,1384,1,129,0,0,0,65,86.5,0.06,8.06,0.0,0.0,0.0,4.06
ELMORE - 392315,3615,2743,193,500,14,47,24,93,75.88,5.34,13.83,0.39,1.3,0.66,2.57
ELMORE - 392316,1628,1326,14,223,5,30,0,48,81.45,0.86,13.7,0.31,1.84,0.0,2.95
ELMORE - 392317,211,221,0,1,0,0,0,0,104.74,0.0,0.47,0.0,0.0,0.0,0.0
ELMORE - 392318,116,111,0,3,0,0,0,0,95.69,0.0,2.59,0.0,0.0,0.0,0.0
FRANKLIN - 413201,864,810,0,18,11,0,0,3,93.75,0.0,2.08,1.27,0.0,0.0,0.35
FRANKLIN - 413202,1076,936,0,30,0,0,0,110,86.99,0.0,2.79,0.0,0.0,0.0,10.22
FRANKLIN - 413203,739,664,0,72,0,0,0,0,89.85,0.0,9.74,0.0,0.0,0.0,0.0
FRANKLIN - 413204,694,664,0,13,0,0,0,9,95.68,0.0,1.87,0.0,0.0,0.0,1.3
FRANKLIN - 413205,676,675,0,5,3,0,0,0,99.85,0.0,0.74,0.44,0.0,0.0,0.0
FRANKLIN - 413206,259,237,0,29,0,0,0,0,91.51,0.0,11.2,0.0,0.0,0.0,0.0
FRANKLIN - 413207,511,489,0,15,0,0,0,5,95.69,0.0,2.94,0.0,0.0,0.0,0.98
FRANKLIN - 413208,799,725,0,67,0,0,0,13,90.74,0.0,8.39,0.0,0.0,0.0,1.63
FRANKLIN - 413209,520,470,0,49,0,0,0,0,90.38,0.0,9.42,0.0,0.0,0.0,0.0
FRANKLIN - 413210,1035,847,15,174,0,0,0,5,81.84,1.45,16.81,0.0,0.0,0.0,0.48
FRANKLIN - 413211,453,440,0,11,0,0,0,1,97.13,0.0,2.43,0.0,0.0,0.0,0.22
FRANKLIN - 413212,251,222,0,19,0,0,0,3,88.45,0.0,7.57,0.0,0.0,0.0,1.2
FRANKLIN - 413213,159,146,0,9,0,0,0,0,91.82,0.0,5.66,0.0,0.0,0.0,0.0
FRANKLIN - 413214,416,381,0,43,0,0,0,2,91.59,0.0,10.34,0.0,0.0,0.0,0.48
FRANKLIN - 413215,803,755,0,34,0,0,0,7,94.02,0.0,4.23,0.0,0.0,0.0,0.87
FRANKLIN - 413216,595,592,0,13,0,0,0,2,99.5,0.0,2.18,0.0,0.0,0.0,0.34
FRANKLIN - 413217,486,484,0,6,0,0,0,3,99.59,0.0,1.23,0.0,0.0,0.0,0.62
FREMONT - 433501,622,605,8,7,0,0,0,6,97.27,1.29,1.13,0.0,0.0,0.0,0.96
FREMONT - 433502,897,835,3,30,5,0,0,17,93.09,0.33,3.34,0.56,0.0,0.0,1.9
FREMONT - 433503,934,809,0,102,0,0,0,26,86.62,0.0,10.92,0.0,0.0,0.0,2.78
FREMONT - 433504,210,214,0,2,0,0,0,0,101.9,0.0,0.95,0.0,0.0,0.0,0.0
FREMONT - 433505,850,773,5,50,1,0,0,3,90.94,0.59,5.88,0.12,0.0,0.0,0.35
FREMONT - 433506,799,759,4,3,0,0,0,24,94.99,0.5,0.38,0.0,0.0,0.0,3.0
FREMONT - 433507,295,277,0,26,0,0,0,0,93.9,0.0,8.81,0.0,0.0,0.0,0.0
FREMONT - 433508,676,612,2,55,0,9,0,7,90.53,0.3,8.14,0.0,1.33,0.0,1.04
FREMONT - 433510,978,898,0,2,40,0,0,39,91.82,0.0,0.2,4.09,0.0,0.0,3.99
FREMONT - 433511,823,582,1,245,4,0,0,28,70.72,0.12,29.77,0.49,0.0,0.0,3.4
FREMONT - 433512,1478,1232,0,200,5,5,11,19,83.36,0.0,13.53,0.34,0.34,0.74,1.29
FREMONT - 433513,703,636,0,59,0,0,0,0,90.47,0.0,8.39,0.0,0.0,0.0,0.0
FREMONT - 433514,164,159,0,0,0,0,0,3,96.95,0.0,0.0,0.0,0.0,0.0,1.83
FREMONT - 433515,838,755,3,60,0,0,0,2,90.1,0.36,7.16,0.0,0.0,0.0,0.24
GEM - 458001,916,799,0,89,4,6,0,11,87.23,0.0,9.72,0.44,0.66,0.0,1.2
GEM - 458002,1190,1119,0,25,0,6,0,30,94.03,0.0,2.1,0.0,0.5,0.0,2.52
GEM - 458003,1376,1147,0,143,5,0,0,85,83.36,0.0,10.39,0.36,0.0,0.0,6.18
GEM - 458004,1141,1088,0,27,0,11,0,39,95.35,0.0,2.37,0.0,0.96,0.0,3.42
GEM - 458005,1748,1548,0,61,84,0,0,42,88.56,0.0,3.49,4.81,0.0,0.0,2.4
GEM - 458006,2002,1782,0,174,0,0,0,27,89.01,0.0,8.69,0.0,0.0,0.0,1.35
GEM - 458007,893,804,0,90,2,0,0,32,90.03,0.0,10.08,0.22,0.0,0.0,3.58
GEM - 458008,1405,1254,0,37,14,0,0,98,89.25,0.0,2.63,1.0,0.0,0.0,6.98
GEM - 458009,1303,1132,0,109,5,0,0,32,86.88,0.0,8.37,0.38,0.0,0.0,2.46
GEM - 458010,1148,1093,0,36,0,3,0,23,95.21,0.0,3.14,0.0,0.26,0.0,2.0
GEM - 458011,1365,1211,0,42,18,39,0,55,88.72,0.0,3.08,1.32,2.86,0.0,4.03
GEM - 458012,814,758,0,65,0,0,0,4,93.12,0.0,7.99,0.0,0.0,0.0,0.49
GEM - 458013,173,153,0,8,0,0,0,5,88.44,0.0,4.62,0.0,0.0,0.0,2.89
GOODING - 472601,982,722,15,191,0,0,4,56,73.52,1.53,19.45,0.0,0.0,0.41,5.7
GOODING - 472602,1579,1093,0,408,0,0,1,89,69.22,0.0,25.84,0.0,0.0,0.06,5.64
GOODING - 472603,2423,2201,2,153,44,0,4,13,90.84,0.08,6.31,1.82,0.0,0.17,0.54
GOODING - 472604,1687,1166,0,502,17,5,0,3,69.12,0.0,29.76,1.01,0.3,0.0,0.18
GOODING - 472605,1511,1003,0,449,0,30,0,16,66.38,0.0,29.72,0.0,1.99,0.0,1.06
GOODING - 472606,353,306,0,24,5,0,0,10,86.69,0.0,6.8,1.42,0.0,0.0,2.83
GOODING - 472607,1800,1667,0,87,0,4,0,45,92.61,0.0,4.83,0.0,0.22,0.0,2.5
IDAHO - 497001,123,115,0,1,0,0,0,0,93.5,0.0,0.81,0.0,0.0,0.0,0.0
IDAHO - 497002,335,327,0,0,0,0,0,9,97.61,0.0,0.0,0.0,0.0,0.0,2.69
IDAHO - 497003,533,470,1,17,0,0,0,54,88.18,0.19,3.19,0.0,0.0,0.0,10.13
IDAHO - 497004,557,485,0,21,0,0,0,31,87.07,0.0,3.77,0.0,0.0,0.0,5.57
IDAHO - 497005,356,318,0,4,0,19,0,5,89.33,0.0,1.12,0.0,5.34,0.0,1.4
IDAHO - 497006,246,224,0,8,0,0,0,2,91.06,0.0,3.25,0.0,0.0,0.0,0.81
IDAHO - 497007,280,268,0,9,0,0,0,1,95.71,0.0,3.21,0.0,0.0,0.0,0.36
IDAHO - 497008,211,215,0,0,0,0,0,0,101.9,0.0,0.0,0.0,0.0,0.0,0.0
IDAHO - 497009,281,285,0,0,0,0,0,5,101.42,0.0,0.0,0.0,0.0,0.0,1.78
IDAHO - 497010,977,881,0,102,0,3,0,0,90.17,0.0,10.44,0.0,0.31,0.0,0.0
IDAHO - 497011,943,836,0,82,0,15,0,14,88.65,0.0,8.7,0.0,1.59,0.0,1.48
IDAHO - 497012,662,611,0,25,7,0,0,2,92.3,0.0,3.78,1.06,0.0,0.0,0.3
IDAHO - 497013,842,820,0,5,0,0,0,18,97.39,0.0,0.59,0.0,0.0,0.0,2.14
IDAHO - 497014,748,726,0,0,0,14,0,18,97.06,0.0,0.0,0.0,1.87,0.0,2.41
IDAHO - 497015,259,234,0,0,0,7,0,14,90.35,0.0,0.0,0.0,2.7,0.0,5.41
IDAHO - 497016,48,37,0,3,0,0,0,76,77.08,0.0,6.25,0.0,0.0,0.0,158.33
IDAHO - 497017,1501,1239,0,32,121,7,0,101,82.54,0.0,2.13,8.06,0.47,0.0,6.73
IDAHO - 497018,736,623,9,29,26,0,0,1,84.65,1.22,3.94,3.53,0.0,0.0,0.14
IDAHO - 497019,1697,1581,0,31,19,4,0,72,93.16,0.0,1.83,1.12,0.24,0.0,4.24
IDAHO - 497020,136,128,0,0,0,0,0,2,94.12,0.0,0.0,0.0,0.0,0.0,1.47
IDAHO - 497021,405,387,0,2,4,0,0,16,95.56,0.0,0.49,0.99,0.0,0.0,3.95
IDAHO - 497022,510,482,0,3,2,0,0,17,94.51,0.0,0.59,0.39,0.0,0.0,3.33
IDAHO - 497023,102,100,0,0,1,0,0,1,98.04,0.0,0.0,0.98,0.0,0.0,0.98
IDAHO - 497024,581,547,0,0,8,2,0,14,94.15,0.0,0.0,1.38,0.34,0.0,2.41
IDAHO - 497025,401,394,0,8,1,0,0,3,98.25,0.0,2.0,0.25,0.0,0.0,0.75
IDAHO - 497026,297,298,0,0,4,0,0,1,100.34,0.0,0.0,1.35,0.0,0.0,0.34
IDAHO - 497027,84,82,0,1,0,0,0,4,97.62,0.0,1.19,0.0,0.0,0.0,4.76
JEFFERSON - 513501,1236,1011,0,129,5,4,0,94,81.8,0.0,10.44,0.4,0.32,0.0,7.61
JEFFERSON - 513502,658,591,0,31,0,0,0,37,89.82,0.0,4.71,0.0,0.0,0.0,5.62
JEFFERSON - 513503,4107,3721,5,307,14,0,0,65,90.6,0.12,7.48,0.34,0.0,0.0,1.58
JEFFERSON - 513504,2406,2165,0,172,2,13,0,47,89.98,0.0,7.15,0.08,0.54,0.0,1.95
JEFFERSON - 513505,1013,953,5,45,0,0,0,40,94.08,0.49,4.44,0.0,0.0,0.0,3.95
JEFFERSON - 513506,1360,1323,0,0,0,5,0,24,97.28,0.0,0.0,0.0,0.37,0.0,1.76
JEFFERSON - 513507,2184,2008,0,114,0,8,0,54,91.94,0.0,5.22,0.0,0.37,0.0,2.47
JEFFERSON - 513508,990,818,0,125,0,0,0,0,82.63,0.0,12.63,0.0,0.0,0.0,0.0
JEFFERSON - 513509,480,393,0,139,0,0,0,0,81.88,0.0,28.96,0.0,0.0,0.0,0.0
JEFFERSON - 513510,481,439,0,25,0,0,0,9,91.27,0.0,5.2,0.0,0.0,0.0,1.87
JEFFERSON - 513511,1119,997,0,95,0,0,0,30,89.1,0.0,8.49,0.0,0.0,0.0,2.68
JEFFERSON - 513512,341,278,0,42,0,0,0,11,81.52,0.0,12.32,0.0,0.0,0.0,3.23
JEFFERSON - 513513,412,366,0,41,4,0,0,4,88.83,0.0,9.95,0.97,0.0,0.0,0.97
JEFFERSON - 513514,857,604,0,180,24,0,0,53,70.48,0.0,21.0,2.8,0.0,0.0,6.18
JEFFERSON - 513515,671,558,0,87,0,0,0,35,83.16,0.0,12.97,0.0,0.0,0.0,5.22
JEFFERSON - 513516,817,777,1,3,0,0,0,0,95.1,0.12,0.37,0.0,0.0,0.0,0.0
JEFFERSON - 513517,2557,2510,0,45,0,0,0,4,98.16,0.0,1.76,0.0,0.0,0.0,0.16
JEROME - 532501,1165,884,1,242,4,0,0,37,75.88,0.09,20.77,0.34,0.0,0.0,3.18
JEROME - 532502,778,632,10,112,0,0,0,9,81.23,1.29,14.4,0.0,0.0,0.0,1.16
JEROME - 532503,884,812,0,59,0,0,0,18,91.86,0.0,6.67,0.0,0.0,0.0,2.04
JEROME - 532504,2677,2315,0,270,0,0,0,95,86.48,0.0,10.09,0.0,0.0,0.0,3.55
JEROME - 532505,1675,1154,4,400,9,0,0,92,68.9,0.24,23.88,0.54,0.0,0.0,5.49
JEROME - 532506,1781,1419,6,294,0,5,0,69,79.67,0.34,16.51,0.0,0.28,0.0,3.87
JEROME - 532507,1870,1352,0,510,0,0,0,0,72.3,0.0,27.27,0.0,0.0,0.0,0.0
JEROME - 532508,847,594,0,249,0,0,0,9,70.13,0.0,29.4,0.0,0.0,0.0,1.06
JEROME - 532509,1654,986,0,652,16,0,0,7,59.61,0.0,39.42,0.97,0.0,0.0,0.42
JEROME - 532510,1375,1022,0,304,0,4,0,49,74.33,0.0,22.11,0.0,0.29,0.0,3.56
KOOTENAI - 552001,1944,1684,0,127,8,13,0,82,86.63,0.0,6.53,0.41,0.67,0.0,4.22
KOOTENAI - 552002,2070,1709,0,320,21,7,0,33,82.56,0.0,15.46,1.01,0.34,0.0,1.59
KOOTENAI - 552003,2149,1869,14,172,23,17,0,57,86.97,0.65,8.0,1.07,0.79,0.0,2.65
KOOTENAI - 552004,1238,1177,0,35,0,0,0,18,95.07,0.0,2.83,0.0,0.0,0.0,1.45
KOOTENAI - 552005,2802,2667,0,149,3,5,0,23,95.18,0.0,5.32,0.11,0.18,0.0,0.82
KOOTENAI - 552006,2892,2682,0,111,3,12,0,82,92.74,0.0,3.84,0.1,0.41,0.0,2.84
KOOTENAI - 552007,3191,2902,9,182,5,12,0,72,90.94,0.28,5.7,0.16,0.38,0.0,2.26
KOOTENAI - 552012,1085,1019,0,45,0,8,0,8,93.92,0.0,4.15,0.0,0.74,0.0,0.74
KOOTENAI - 552013,985,933,0,3,2,0,0,12,94.72,0.0,0.3,0.2,0.0,0.0,1.22
KOOTENAI - 552014,2814,2604,2,83,3,15,0,98,92.54,0.07,2.95,0.11,0.53,0.0,3.48
KOOTENAI - 552015,2259,2173,12,28,0,17,0,14,96.19,0.53,1.24,0.0,0.75,0.0,0.62
KOOTENAI - 552016,2017,1928,0,32,0,0,0,73,95.59,0.0,1.59,0.0,0.0,0.0,3.62
KOOTENAI - 552017,1578,1501,2,37,5,1,0,40,95.12,0.13,2.34,0.32,0.06,0.0,2.53
KOOTENAI - 552018,3083,2785,11,110,2,1,0,173,90.33,0.36,3.57,0.06,0.03,0.0,5.61
KOOTENAI - 552019,1691,1636,4,15,2,0,0,41,96.75,0.24,0.89,0.12,0.0,0.0,2.42
KOOTENAI - 552020,2471,2290,5,118,0,24,0,33,92.68,0.2,4.78,0.0,0.97,0.0,1.34
KOOTENAI - 552021,1583,1467,29,52,0,0,0,33,92.67,1.83,3.28,0.0,0.0,0.0,2.08
KOOTENAI - 552022,1232,1229,0,2,0,15,0,1,99.76,0.0,0.16,0.0,1.22,0.0,0.08
KOOTENAI - 552041,1456,1306,30,30,4,76,0,13,89.7,2.06,2.06,0.27,5.22,0.0,0.89
KOOTENAI - 552061,2236,2093,5,88,10,34,1,9,93.6,0.22,3.94,0.45,1.52,0.04,0.4
KOOTENAI - 552067,606,558,0,48,0,0,0,6,92.08,0.0,7.92,0.0,0.0,0.0,0.99
KOOTENAI - 552068,1472,1343,0,30,0,0,15,89,91.24,0.0,2.04,0.0,0.0,1.02,6.05
KOOTENAI - 552070,877,818,4,32,0,0,2,14,93.27,0.46,3.65,0.0,0.0,0.23,1.6
KOOTENAI - 553008,4817,4210,0,338,43,22,0,188,87.4,0.0,7.02,0.89,0.46,0.0,3.9
KOOTENAI - 553009,5643,5330,0,207,0,0,0,120,94.45,0.0,3.67,0.0,0.0,0.0,2.13
KOOTENAI - 553010,951,851,0,70,0,0,0,6,89.48,0.0,7.36,0.0,0.0,0.0,0.63
KOOTENAI - 553011,2156,2071,0,32,0,0,11,36,96.06,0.0,1.48,0.0,0.0,0.51,1.67
KOOTENAI - 553023,2534,2328,0,95,53,0,0,63,91.87,0.0,3.75,2.09,0.0,0.0,2.49
KOOTENAI - 553024,1259,1105,0,47,71,15,0,15,87.77,0.0,3.73,5.64,1.19,0.0,1.19
KOOTENAI - 553025,3874,3396,12,242,38,14,0,202,87.66,0.31,6.25,0.98,0.36,0.0,5.21
KOOTENAI - 553026,1189,1184,3,6,8,0,0,12,99.58,0.25,0.5,0.67,0.0,0.0,1.01
KOOTENAI - 553027,1265,1122,0,134,0,0,0,0,88.7,0.0,10.59,0.0,0.0,0.0,0.0
KOOTENAI - 553028,6875,6336,2,392,20,23,0,63,92.16,0.03,5.7,0.29,0.33,0.0,0.92
KOOTENAI - 553029,1567,1472,23,34,6,6,0,15,93.94,1.47,2.17,0.38,0.38,0.0,0.96
KOOTENAI - 553030,2884,2765,0,82,7,5,0,23,95.87,0.0,2.84,0.24,0.17,0.0,0.8
KOOTENAI - 553031,1251,962,2,283,0,15,0,2,76.9,0.16,22.62,0.0,1.2,0.0,0.16
KOOTENAI - 553032,1988,1744,0,200,0,4,0,14,87.73,0.0,10.06,0.0,0.2,0.0,0.7
KOOTENAI - 553033,1265,1231,0,35,0,10,0,2,97.31,0.0,2.77,0.0,0.79,0.0,0.16
KOOTENAI - 553034,2078,1740,0,200,51,10,0,42,83.73,0.0,9.62,2.45,0.48,0.0,2.02
KOOTENAI - 553035,975,761,0,90,51,6,0,88,78.05,0.0,9.23,5.23,0.62,0.0,9.03
KOOTENAI - 553036,1272,1116,0,67,0,60,0,70,87.74,0.0,5.27,0.0,4.72,0.0,5.5
KOOTENAI - 553063,1783,1699,0,71,0,0,0,9,95.29,0.0,3.98,0.0,0.0,0.0,0.5
KOOTENAI - 553064,928,861,0,18,0,15,0,30,92.78,0.0,1.94,0.0,1.62,0.0,3.23
KOOTENAI - 553065,1168,1138,0,19,0,17,0,7,97.43,0.0,1.63,0.0,1.46,0.0,0.6
KOOTENAI - 553066,1212,1156,0,10,0,22,0,19,95.38,0.0,0.83,0.0,1.82,0.0,1.57
KOOTENAI - 553069,1484,1163,0,43,240,0,0,37,78.37,0.0,2.9,16.17,0.0,0.0,2.49
KOOTENAI - 554037,3045,2827,4,128,25,2,0,49,92.84,0.13,4.2,0.82,0.07,0.0,1.61
KOOTENAI - 554038,2290,2142,0,54,13,0,0,68,93.54,0.0,2.36,0.57,0.0,0.0,2.97
KOOTENAI - 554039,5145,4903,0,113,0,0,0,146,95.3,0.0,2.2,0.0,0.0,0.0,2.84
KOOTENAI - 554040,3846,3317,0,202,68,187,0,74,86.25,0.0,5.25,1.77,4.86,0.0,1.92
KOOTENAI - 554042,1596,1586,0,7,3,0,0,10,99.37,0.0,0.44,0.19,0.0,0.0,0.63
KOOTENAI - 554043,2791,2420,43,152,23,7,0,68,86.71,1.54,5.45,0.82,0.25,0.0,2.44
KOOTENAI - 554044,1502,1306,157,79,17,9,0,15,86.95,10.45,5.26,1.13,0.6,0.0,1.0
KOOTENAI - 554045,2063,1823,0,77,42,60,0,72,88.37,0.0,3.73,2.04,2.91,0.0,3.49
KOOTENAI - 554046,2305,2066,29,118,22,2,0,69,89.63,1.26,5.12,0.95,0.09,0.0,2.99
KOOTENAI - 554047,2366,2141,0,124,0,12,16,49,90.49,0.0,5.24,0.0,0.51,0.68,2.07
KOOTENAI - 554048,1484,1386,0,29,2,7,0,59,93.4,0.0,1.95,0.13,0.47,0.0,3.98
KOOTENAI - 554049,1464,1258,18,102,2,34,0,59,85.93,1.23,6.97,0.14,2.32,0.0,4.03
KOOTENAI - 554050,940,821,0,119,0,0,0,5,87.34,0.0,12.66,0.0,0.0,0.0,0.53
KOOTENAI - 554051,1811,1506,35,137,7,0,0,117,83.16,1.93,7.56,0.39,0.0,0.0,6.46
KOOTENAI - 554052,1501,1413,0,40,23,11,0,14,94.14,0.0,2.66,1.53,0.73,0.0,0.93
KOOTENAI - 554053,1783,1534,4,162,12,8,0,63,86.03,0.22,9.09,0.67,0.45,0.0,3.53
KOOTENAI - 554054,1887,1750,0,57,0,10,0,65,92.74,0.0,3.02,0.0,0.53,0.0,3.44
KOOTENAI - 554055,1209,1119,0,40,0,35,0,24,92.56,0.0,3.31,0.0,2.89,0.0,1.99
KOOTENAI - 554056,1035,992,0,28,0,0,0,15,95.85,0.0,2.71,0.0,0.0,0.0,1.45
KOOTENAI - 554057,1694,1190,10,305,0,41,0,153,70.25,0.59,18.0,0.0,2.42,0.0,9.03
KOOTENAI - 554058,1289,1224,6,13,0,10,0,26,94.96,0.47,1.01,0.0,0.78,0.0,2.02
KOOTENAI - 554059,910,827,15,15,0,0,0,94,90.88,1.65,1.65,0.0,0.0,0.0,10.33
KOOTENAI - 554060,1124,943,0,26,0,0,0,124,83.9,0.0,2.31,0.0,0.0,0.0,11.03
KOOTENAI - 554062,717,680,0,20,0,7,0,6,94.84,0.0,2.79,0.0,0.98,0.0,0.84
LATAH - 575001,619,514,30,38,5,0,0,28,83.04,4.85,6.14,0.81,0.0,0.0,4.52
LATAH - 575002,1690,1353,0,274,0,43,0,51,80.06,0.0,16.21,0.0,2.54,0.0,3.02
LATAH - 575003,1323,1079,0,110,6,72,0,44,81.56,0.0,8.31,0.45,5.44,0.0,3.33
LATAH - 575004,1001,872,22,24,3,20,0,90,87.11,2.2,2.4,0.3,2.0,0.0,8.99
LATAH - 575005,1007,929,14,7,0,9,3,38,92.25,1.39,0.7,0.0,0.89,0.3,3.77
LATAH - 575006,1805,1530,16,144,14,29,0,58,84.76,0.89,7.98,0.78,1.61,0.0,3.21
LATAH - 575007,1990,1761,16,112,15,30,6,50,88.49,0.8,5.63,0.75,1.51,0.3,2.51
LATAH - 575008,2807,2517,51,141,4,10,0,74,89.67,1.82,5.02,0.14,0.36,0.0,2.64
LATAH - 575009,807,768,0,7,0,5,0,14,95.17,0.0,0.87,0.0,0.62,0.0,1.73
LATAH - 575010,1369,1219,8,133,0,7,0,7,89.04,0.58,9.72,0.0,0.51,0.0,0.51
LATAH - 575011,1088,1008,0,27,0,0,0,67,92.65,0.0,2.48,0.0,0.0,0.0,6.16
LATAH - 575012,1164,1087,6,7,0,41,3,43,93.38,0.52,0.6,0.0,3.52,0.26,3.69
LATAH - 575013,952,851,42,18,36,1,0,16,89.39,4.41,1.89,3.78,0.11,0.0,1.68
LATAH - 575014,1103,918,0,93,0,25,0,72,83.23,0.0,8.43,0.0,2.27,0.0,6.53
LATAH - 575015,996,899,44,25,0,15,0,27,90.26,4.42,2.51,0.0,1.51,0.0,2.71
LATAH - 575016,1694,1519,26,77,8,1,0,50,89.67,1.53,4.55,0.47,0.06,0.0,2.95
LATAH - 575017,857,810,0,3,0,2,9,24,94.52,0.0,0.35,0.0,0.23,1.05,2.8
LATAH - 575018,1220,1005,64,39,10,6,0,42,82.38,5.25,3.2,0.82,0.49,0.0,3.44
LATAH - 575019,1236,1130,0,66,0,0,0,56,91.42,0.0,5.34,0.0,0.0,0.0,4.53
LATAH - 575020,75,57,0,2,0,16,0,18,76.0,0.0,2.67,0.0,21.33,0.0,24.0
LATAH - 575021,1388,1289,0,23,0,2,0,70,92.87,0.0,1.66,0.0,0.14,0.0,5.04
LATAH - 575022,332,319,0,0,0,0,0,1,96.08,0.0,0.0,0.0,0.0,0.0,0.3
LATAH - 575023,560,532,0,22,0,0,0,6,95.0,0.0,3.93,0.0,0.0,0.0,1.07
LATAH - 575024,471,464,0,0,4,0,0,4,98.51,0.0,0.0,0.85,0.0,0.0,0.85
LATAH - 575025,116,110,0,0,1,0,0,3,94.83,0.0,0.0,0.86,0.0,0.0,2.59
LATAH - 575026,390,339,0,27,0,0,0,8,86.92,0.0,6.92,0.0,0.0,0.0,2.05
LATAH - 575027,1158,1082,9,27,12,0,0,32,93.44,0.78,2.33,1.04,0.0,0.0,2.76
LATAH - 575028,559,565,0,0,0,0,0,20,101.07,0.0,0.0,0.0,0.0,0.0,3.58
LATAH - 575029,1725,1632,0,45,0,0,0,27,94.61,0.0,2.61,0.0,0.0,0.0,1.57
LATAH - 575030,485,473,0,7,0,0,0,11,97.53,0.0,1.44,0.0,0.0,0.0,2.27
LATAH - 575031,285,248,0,12,0,8,0,0,87.02,0.0,4.21,0.0,2.81,0.0,0.0
LATAH - 575032,217,195,0,1,0,15,0,9,89.86,0.0,0.46,0.0,6.91,0.0,4.15
LEMHI - 598001,282,242,0,30,0,4,0,7,85.82,0.0,10.64,0.0,1.42,0.0,2.48
LEMHI - 598002,406,367,0,26,0,0,0,21,90.39,0.0,6.4,0.0,0.0,0.0,5.17
LEMHI - 598003,105,95,0,2,0,0,0,0,90.48,0.0,1.9,0.0,0.0,0.0,0.0
LEMHI - 598004,341,313,0,10,5,3,0,9,91.79,0.0,2.93,1.47,0.88,0.0,2.64
LEMHI - 598005,2332,2199,0,90,0,0,0,46,94.3,0.0,3.86,0.0,0.0,0.0,1.97
LEMHI - 598006,1512,1403,0,60,15,0,0,24,92.79,0.0,3.97,0.99,0.0,0.0,1.59
LEMHI - 598007,1390,1243,8,83,0,0,0,58,89.42,0.58,5.97,0.0,0.0,0.0,4.17
LEMHI - 598008,122,119,0,0,0,0,0,0,97.54,0.0,0.0,0.0,0.0,0.0,0.0
LEMHI - 598009,323,331,0,0,0,0,0,0,102.48,0.0,0.0,0.0,0.0,0.0,0.0
LEWIS - 616001,535,472,6,18,1,7,0,29,88.22,1.12,3.36,0.19,1.31,0.0,5.42
LEWIS - 616002,261,228,10,5,7,0,0,9,87.36,3.83,1.92,2.68,0.0,0.0,3.45
LEWIS - 616003,947,806,10,37,19,11,0,68,85.11,1.06,3.91,2.01,1.16,0.0,7.18
LEWIS - 616004,538,435,0,14,10,15,0,64,80.86,0.0,2.6,1.86,2.79,0.0,11.9
LEWIS - 616005,442,403,0,19,3,0,0,17,91.18,0.0,4.3,0.68,0.0,0.0,3.85
LEWIS - 616006,70,63,0,0,1,0,0,11,90.0,0.0,0.0,1.43,0.0,0.0,15.71
LEWIS - 616007,65,61,0,0,0,0,0,0,93.85,0.0,0.0,0.0,0.0,0.0,0.0
LEWIS - 616008,5,4,0,0,0,0,0,0,80.0,0.0,0.0,0.0,0.0,0.0,0.0
LINCOLN - 632601,1416,1000,16,358,0,7,0,29,70.62,1.13,25.28,0.0,0.49,0.0,2.05
LINCOLN - 632603,634,536,0,89,18,0,0,2,84.54,0.0,14.04,2.84,0.0,0.0,0.32
LINCOLN - 632604,831,680,0,101,0,5,5,38,81.83,0.0,12.15,0.0,0.6,0.6,4.57
LINCOLN - 632605,451,391,4,53,0,0,0,8,86.7,0.89,11.75,0.0,0.0,0.0,1.77
LINCOLN - 632606,94,46,0,29,0,0,0,11,48.94,0.0,30.85,0.0,0.0,0.0,11.7
MADISON - 653401,324,300,0,11,2,4,0,4,92.59,0.0,3.4,0.62,1.23,0.0,1.23
MADISON - 653402,2009,1787,0,63,52,63,0,27,88.95,0.0,3.14,2.59,3.14,0.0,1.34
MADISON - 653403,1782,1685,0,36,25,29,5,27,94.56,0.0,2.02,1.4,1.63,0.28,1.52
MADISON - 653404,727,682,0,8,2,7,11,0,93.81,0.0,1.1,0.28,0.96,1.51,0.0
MADISON - 653405,2242,1937,23,184,0,34,0,41,86.4,1.03,8.21,0.0,1.52,0.0,1.83
MADISON - 653406,1536,1411,17,71,5,8,17,0,91.86,1.11,4.62,0.33,0.52,1.11,0.0
MADISON - 653407,2057,1759,0,252,5,6,2,33,85.51,0.0,12.25,0.24,0.29,0.1,1.6
MADISON - 653408,4043,3464,23,347,9,0,0,209,85.68,0.57,8.58,0.22,0.0,0.0,5.17
MADISON - 653409,2593,2097,31,407,5,5,0,75,80.87,1.2,15.7,0.19,0.19,0.0,2.89
MADISON - 653410,5215,4558,156,373,10,12,21,48,87.4,2.99,7.15,0.19,0.23,0.4,0.92
MADISON - 653411,2681,2364,12,258,0,4,17,35,88.18,0.45,9.62,0.0,0.15,0.63,1.31
MADISON - 653412,2564,2205,21,217,0,101,0,25,86.0,0.82,8.46,0.0,3.94,0.0,0.98
MADISON - 653413,3036,2850,0,175,12,11,13,12,93.87,0.0,5.76,0.4,0.36,0.43,0.4
MADISON - 653414,1594,1310,7,195,1,5,3,63,82.18,0.44,12.23,0.06,0.31,0.19,3.95
MADISON - 653415,3632,2995,17,369,0,0,33,176,82.46,0.47,10.16,0.0,0.0,0.91,4.85
MADISON - 653416,2794,2552,9,137,6,13,21,92,91.34,0.32,4.9,0.21,0.47,0.75,3.29
MADISON - 653417,227,194,11,29,0,0,2,5,85.46,4.85,12.78,0.0,0.0,0.88,2.2
MADISON - 653418,1003,918,0,81,0,0,0,21,91.53,0.0,8.08,0.0,0.0,0.0,2.09
MADISON - 653419,1210,1161,0,26,0,0,0,0,95.95,0.0,2.15,0.0,0.0,0.0,0.0
MINIDOKA - 672701,1007,727,0,287,17,0,0,0,72.19,0.0,28.5,1.69,0.0,0.0,0.0
MINIDOKA - 672702,1256,849,0,411,0,0,0,0,67.6,0.0,32.72,0.0,0.0,0.0,0.0
MINIDOKA - 672703,2010,1308,3,571,110,11,0,18,65.07,0.15,28.41,5.47,0.55,0.0,0.9
MINIDOKA - 672704,1579,1277,0,233,56,0,0,0,80.87,0.0,14.76,3.55,0.0,0.0,0.0
MINIDOKA - 672705,1522,951,0,558,0,0,0,14,62.48,0.0,36.66,0.0,0.0,0.0,0.92
MINIDOKA - 672706,1100,782,7,260,13,2,0,22,71.09,0.64,23.64,1.18,0.18,0.0,2.0
MINIDOKA - 672708,1441,1024,0,387,4,0,0,21,71.06,0.0,26.86,0.28,0.0,0.0,1.46
MINIDOKA - 672709,1600,937,0,529,56,3,0,47,58.56,0.0,33.06,3.5,0.19,0.0,2.94
MINIDOKA - 672710,1176,864,0,290,1,0,0,15,73.47,0.0,24.66,0.09,0.0,0.0,1.28
MINIDOKA - 6727A1,1332,895,0,426,3,24,0,18,67.19,0.0,31.98,0.23,1.8,0.0,1.35
MINIDOKA - 6727B1,596,429,0,133,16,0,0,10,71.98,0.0,22.32,2.68,0.0,0.0,1.68
NEZ PERCE - 696001,1566,1287,3,164,33,32,0,55,82.18,0.19,10.47,2.11,2.04,0.0,3.51
NEZ PERCE - 696002,1333,1163,0,106,21,18,0,45,87.25,0.0,7.95,1.58,1.35,0.0,3.38
NEZ PERCE - 696003,1782,1518,1,149,56,8,0,48,85.19,0.06,8.36,3.14,0.45,0.0,2.69
NEZ PERCE - 696004,1155,1047,31,12,4,22,0,41,90.65,2.68,1.04,0.35,1.9,0.0,3.55
NEZ PERCE - 696005,990,909,0,17,11,23,0,20,91.82,0.0,1.72,1.11,2.32,0.0,2.02
NEZ PERCE - 696006,1507,1356,0,27,30,12,0,34,89.98,0.0,1.79,1.99,0.8,0.0,2.26
NEZ PERCE - 696007,782,749,0,0,0,0,0,16,95.78,0.0,0.0,0.0,0.0,0.0,2.05
NEZ PERCE - 696008,1246,1209,0,0,0,0,0,42,97.03,0.0,0.0,0.0,0.0,0.0,3.37
NEZ PERCE - 696009,1827,1652,0,95,5,96,19,12,90.42,0.0,5.2,0.27,5.25,1.04,0.66
NEZ PERCE - 696010,857,803,0,47,5,3,0,24,93.7,0.0,5.48,0.58,0.35,0.0,2.8
NEZ PERCE - 696011,1536,1427,0,0,35,0,0,69,92.9,0.0,0.0,2.28,0.0,0.0,4.49
NEZ PERCE - 696012,698,650,0,14,4,0,0,28,93.12,0.0,2.01,0.57,0.0,0.0,4.01
NEZ PERCE - 696013,1043,951,0,40,0,0,0,17,91.18,0.0,3.84,0.0,0.0,0.0,1.63
NEZ PERCE - 696014,1018,965,0,17,0,0,0,27,94.79,0.0,1.67,0.0,0.0,0.0,2.65
NEZ PERCE - 696015,1069,927,0,116,12,0,0,44,86.72,0.0,10.85,1.12,0.0,0.0,4.12
NEZ PERCE - 696016,1296,1138,0,85,10,0,0,59,87.81,0.0,6.56,0.77,0.0,0.0,4.55
NEZ PERCE - 696017,1056,1011,0,12,0,0,0,23,95.74,0.0,1.14,0.0,0.0,0.0,2.18
NEZ PERCE - 696018,1028,924,0,55,6,7,0,44,89.88,0.0,5.35,0.58,0.68,0.0,4.28
NEZ PERCE - 696019,1169,1145,0,23,0,12,0,4,97.95,0.0,1.97,0.0,1.03,0.0,0.34
NEZ PERCE - 696020,1172,1097,4,48,0,0,0,15,93.6,0.34,4.1,0.0,0.0,0.0,1.28
NEZ PERCE - 696021,1394,1373,0,11,0,7,0,0,98.49,0.0,0.79,0.0,0.5,0.0,0.0
NEZ PERCE - 696022,1642,1586,0,0,6,0,0,50,96.59,0.0,0.0,0.37,0.0,0.0,3.05
NEZ PERCE - 696023,168,151,0,6,8,0,0,7,89.88,0.0,3.57,4.76,0.0,0.0,4.17
NEZ PERCE - 696024,1141,1020,0,37,0,37,0,32,89.4,0.0,3.24,0.0,3.24,0.0,2.8
NEZ PERCE - 696025,1012,972,0,0,39,0,0,8,96.05,0.0,0.0,3.85,0.0,0.0,0.79
NEZ PERCE - 696026,1591,551,10,45,822,0,0,74,34.63,0.63,2.83,51.67,0.0,0.0,4.65
NEZ PERCE - 696027,343,332,0,10,1,0,0,0,96.79,0.0,2.92,0.29,0.0,0.0,0.0
NEZ PERCE - 696028,452,431,0,4,4,0,0,14,95.35,0.0,0.88,0.88,0.0,0.0,3.1
NEZ PERCE - 696029,333,322,0,3,7,0,0,5,96.7,0.0,0.9,2.1,0.0,0.0,1.5
NEZ PERCE - 696030,229,202,0,1,8,0,0,9,88.21,0.0,0.44,3.49,0.0,0.0,3.93
NEZ PERCE - 696031,681,594,0,10,92,5,0,24,87.22,0.0,1.47,13.51,0.73,0.0,3.52
NEZ PERCE - 696032,311,266,0,13,64,1,0,8,85.53,0.0,4.18,20.58,0.32,0.0,2.57
ONEIDA - 713201,897,830,6,31,0,3,0,12,92.53,0.67,3.46,0.0,0.33,0.0,1.34
ONEIDA - 713202,902,837,1,40,8,0,0,12,92.79,0.11,4.43,0.89,0.0,0.0,1.33
ONEIDA - 713203,925,879,0,35,17,0,0,0,95.03,0.0,3.78,1.84,0.0,0.0,0.0
ONEIDA - 713204,532,480,9,13,0,1,0,49,90.23,1.69,2.44,0.0,0.19,0.0,9.21
ONEIDA - 713205,128,117,3,0,0,1,0,0,91.41,2.34,0.0,0.0,0.78,0.0,0.0
ONEIDA - 713206,94,75,1,0,0,0,0,18,79.79,1.06,0.0,0.0,0.0,0.0,19.15
OWYHEE - 732301,1222,924,0,240,24,0,0,34,75.61,0.0,19.64,1.96,0.0,0.0,2.78
OWYHEE - 732302,1988,1581,0,302,0,15,0,89,79.53,0.0,15.19,0.0,0.75,0.0,4.48
OWYHEE - 732303,1157,953,0,180,4,0,0,20,82.37,0.0,15.56,0.35,0.0,0.0,1.73
OWYHEE - 732304,1037,837,0,161,1,0,0,29,80.71,0.0,15.53,0.1,0.0,0.0,2.8
OWYHEE - 732305,88,88,0,7,0,0,0,0,100.0,0.0,7.95,0.0,0.0,0.0,0.0
OWYHEE - 732306,867,771,0,87,0,0,0,2,88.93,0.0,10.03,0.0,0.0,0.0,0.23
OWYHEE - 732307,498,444,0,53,0,0,0,3,89.16,0.0,10.64,0.0,0.0,0.0,0.6
OWYHEE - 732308,184,169,0,18,5,0,0,1,91.85,0.0,9.78,2.72,0.0,0.0,0.54
OWYHEE - 732309,907,746,27,75,6,0,27,33,82.25,2.98,8.27,0.66,0.0,2.98,3.64
OWYHEE - 732310,354,280,0,55,15,0,0,9,79.1,0.0,15.54,4.24,0.0,0.0,2.54
OWYHEE - 732311,182,25,0,5,128,0,0,12,13.74,0.0,2.75,70.33,0.0,0.0,6.59
OWYHEE - 732312,32,27,0,2,0,0,0,2,84.38,0.0,6.25,0.0,0.0,0.0,6.25
PAYETTE - 759001,2197,1801,0,349,0,0,0,42,81.98,0.0,15.89,0.0,0.0,0.0,1.91
PAYETTE - 759002,3024,2637,14,226,0,0,0,152,87.2,0.46,7.47,0.0,0.0,0.0,5.03
PAYETTE - 759003,1548,1193,0,278,30,0,0,55,77.07,0.0,17.96,1.94,0.0,0.0,3.55
PAYETTE - 759004,1139,803,0,311,22,0,0,3,70.5,0.0,27.3,1.93,0.0,0.0,0.26
PAYETTE - 759005,3330,2637,0,482,0,80,0,71,79.19,0.0,14.47,0.0,2.4,0.0,2.13
PAYETTE - 759006,2459,1978,0,365,0,71,0,76,80.44,0.0,14.84,0.0,2.89,0.0,3.09
PAYETTE - 759007,561,553,0,23,0,0,0,3,98.57,0.0,4.1,0.0,0.0,0.0,0.53
PAYETTE - 759008,2616,2309,16,230,0,0,0,77,88.26,0.61,8.79,0.0,0.0,0.0,2.94
PAYETTE - 759009,1967,1847,0,61,0,5,0,46,93.9,0.0,3.1,0.0,0.25,0.0,2.34
PAYETTE - 759010,370,326,0,30,0,0,0,9,88.11,0.0,8.11,0.0,0.0,0.0,2.43
POWER - 772801,796,626,0,159,3,0,0,5,78.64,0.0,19.97,0.38,0.0,0.0,0.63
POWER - 772802,1301,971,34,225,0,0,0,75,74.63,2.61,17.29,0.0,0.0,0.0,5.76
POWER - 772803,1936,1185,0,737,5,0,0,3,61.21,0.0,38.07,0.26,0.0,0.0,0.15
POWER - 772804,386,379,0,0,0,0,0,8,98.19,0.0,0.0,0.0,0.0,0.0,2.07
POWER - 772805,118,117,0,1,1,0,0,1,99.15,0.0,0.85,0.85,0.0,0.0,0.85
POWER - 772806,573,404,0,47,63,0,0,61,70.51,0.0,8.2,10.99,0.0,0.0,10.65
SHOSHONE - 797001,193,177,0,4,12,0,0,1,91.71,0.0,2.07,6.22,0.0,0.0,0.52
SHOSHONE - 797002,662,612,26,17,0,0,0,7,92.45,3.93,2.57,0.0,0.0,0.0,1.06
SHOSHONE - 797003,1227,1121,7,76,0,0,0,32,91.36,0.57,6.19,0.0,0.0,0.0,2.61
SHOSHONE - 797004,457,439,0,0,0,0,0,8,96.06,0.0,0.0,0.0,0.0,0.0,1.75
SHOSHONE - 797005,1448,1317,0,73,6,0,0,51,90.95,0.0,5.04,0.41,0.0,0.0,3.52
SHOSHONE - 797006,2510,2248,74,88,5,0,0,91,89.56,2.95,3.51,0.2,0.0,0.0,3.63
SHOSHONE - 797007,110,98,8,1,0,0,0,6,89.09,7.27,0.91,0.0,0.0,0.0,5.45
SHOSHONE - 797008,873,836,0,33,4,0,0,10,95.76,0.0,3.78,0.46,0.0,0.0,1.15
SHOSHONE - 797009,2107,1913,0,55,63,0,23,48,90.79,0.0,2.61,2.99,0.0,1.09,2.28
SHOSHONE - 797010,974,934,0,14,0,0,9,17,95.89,0.0,1.44,0.0,0.0,0.92,1.75
SHOSHONE - 797011,146,123,0,5,0,0,3,5,84.25,0.0,3.42,0.0,0.0,2.05,3.42
SHOSHONE - 797012,73,71,0,3,0,0,2,0,97.26,0.0,4.11,0.0,0.0,2.74,0.0
SHOSHONE - 797013,47,45,0,2,0,0,2,2,95.74,0.0,4.26,0.0,0.0,4.26,4.26
TETON - 813201,1356,1265,0,36,21,3,0,36,93.29,0.0,2.65,1.55,0.22,0.0,2.65
TETON - 813202,757,716,0,23,0,0,0,18,94.58,0.0,3.04,0.0,0.0,0.0,2.38
TETON - 813203,693,704,0,3,0,5,0,1,101.59,0.0,0.43,0.0,0.72,0.0,0.14
TETON - 813204,1693,1487,0,158,0,10,0,4,87.83,0.0,9.33,0.0,0.59,0.0,0.24
TETON - 813205,898,852,0,30,0,0,0,21,94.88,0.0,3.34,0.0,0.0,0.0,2.34
TETON - 813206,1890,1509,0,315,0,0,0,77,79.84,0.0,16.67,0.0,0.0,0.0,4.07
TETON - 813207,1482,1389,0,64,0,0,0,22,93.72,0.0,4.32,0.0,0.0,0.0,1.48
TWIN FALLS - 832301,898,898,0,15,0,0,0,32,100.0,0.0,1.67,0.0,0.0,0.0,3.56
TWIN FALLS - 832302,1262,1077,0,137,0,0,0,105,85.34,0.0,10.86,0.0,0.0,0.0,8.32
TWIN FALLS - 832303,855,683,0,146,0,0,0,23,79.88,0.0,17.08,0.0,0.0,0.0,2.69
TWIN FALLS - 832304,563,528,0,39,0,0,1,0,93.78,0.0,6.93,0.0,0.0,0.18,0.0
TWIN FALLS - 832305,493,486,0,1,0,0,0,4,98.58,0.0,0.2,0.0,0.0,0.0,0.81
TWIN FALLS - 832401,2438,1794,49,452,5,39,4,73,73.58,2.01,18.54,0.21,1.6,0.16,2.99
TWIN FALLS - 832402,2638,2208,2,383,24,4,2,24,83.7,0.08,14.52,0.91,0.15,0.08,0.91
TWIN FALLS - 832403,1948,1734,0,146,3,0,0,45,89.01,0.0,7.49,0.15,0.0,0.0,2.31
TWIN FALLS - 832404,1846,1676,10,121,12,0,0,52,90.79,0.54,6.55,0.65,0.0,0.0,2.82
TWIN FALLS - 832405,1337,1122,0,138,0,25,0,52,83.92,0.0,10.32,0.0,1.87,0.0,3.89
TWIN FALLS - 832406,1524,1481,0,16,19,8,0,0,97.18,0.0,1.05,1.25,0.52,0.0,0.0
TWIN FALLS - 832407,1670,1289,54,268,0,0,0,28,77.19,3.23,16.05,0.0,0.0,0.0,1.68
TWIN FALLS - 832408,1271,925,0,363,0,0,0,14,72.78,0.0,28.56,0.0,0.0,0.0,1.1
TWIN FALLS - 832409,2036,1725,0,192,4,62,20,40,84.72,0.0,9.43,0.2,3.05,0.98,1.96
TWIN FALLS - 832410,1404,1228,22,131,1,0,10,10,87.46,1.57,9.33,0.07,0.0,0.71,0.71
TWIN FALLS - 832411,1409,1198,23,128,0,18,0,16,85.02,1.63,9.08,0.0,1.28,0.0,1.14
TWIN FALLS - 832412,1770,1419,32,318,8,3,0,56,80.17,1.81,17.97,0.45,0.17,0.0,3.16
TWIN FALLS - 832413,2783,1621,0,769,0,361,15,66,58.25,0.0,27.63,0.0,12.97,0.54,2.37
TWIN FALLS - 832414,2085,1689,1,351,0,19,0,12,81.01,0.05,16.83,0.0,0.91,0.0,0.58
TWIN FALLS - 832415,1283,1027,1,189,12,1,0,63,80.05,0.08,14.73,0.94,0.08,0.0,4.91
TWIN FALLS - 832416,1028,954,0,79,3,3,0,6,92.8,0.0,7.68,0.29,0.29,0.0,0.58
TWIN FALLS - 832417,1534,1297,0,206,3,9,0,3,84.55,0.0,13.43,0.2,0.59,0.0,0.2
TWIN FALLS - 832418,1868,1565,0,275,0,27,0,0,83.78,0.0,14.72,0.0,1.45,0.0,0.0
TWIN FALLS - 832419,1036,965,0,30,16,0,0,35,93.15,0.0,2.9,1.54,0.0,0.0,3.38
TWIN FALLS - 832420,3344,3117,0,165,10,0,0,28,93.21,0.0,4.93,0.3,0.0,0.0,0.84
TWIN FALLS - 832421,2521,2244,24,159,5,0,0,68,89.01,0.95,6.31,0.2,0.0,0.0,2.7
TWIN FALLS - 832422,1205,1085,0,87,0,13,0,16,90.04,0.0,7.22,0.0,1.08,0.0,1.33
TWIN FALLS - 832423,1076,977,0,56,5,22,0,20,90.8,0.0,5.2,0.46,2.04,0.0,1.86
TWIN FALLS - 832501,557,459,0,82,0,0,0,33,82.41,0.0,14.72,0.0,0.0,0.0,5.92
TWIN FALLS - 832503,1178,1140,11,79,1,0,0,11,96.77,0.93,6.71,0.08,0.0,0.0,0.93
TWIN FALLS - 832504,1120,980,0,61,0,0,6,21,87.5,0.0,5.45,0.0,0.0,0.54,1.88
TWIN FALLS - 832505,1338,950,0,187,34,0,11,44,71.0,0.0,13.98,2.54,0.0,0.82,3.29
TWIN FALLS - 832506,1524,1368,0,87,0,0,0,83,89.76,0.0,5.71,0.0,0.0,0.0,5.45
TWIN FALLS - 832507,1718,1379,0,284,38,0,0,1,80.27,0.0,16.53,2.21,0.0,0.0,0.06
TWIN FALLS - 832508,1179,1050,0,109,0,6,1,17,89.06,0.0,9.25,0.0,0.51,0.08,1.44
TWIN FALLS - 832509,1293,1005,0,230,5,0,0,25,77.73,0.0,17.79,0.39,0.0,0.0,1.93
TWIN FALLS - 832510,875,698,0,168,0,0,3,0,79.77,0.0,19.2,0.0,0.0,0.34,0.0
TWIN FALLS - 832511,1568,1339,0,200,10,0,0,15,85.4,0.0,12.76,0.64,0.0,0.0,0.96
TWIN FALLS - 832512,1023,879,0,135,0,0,4,13,85.92,0.0,13.2,0.0,0.0,0.39,1.27
TWIN FALLS - 832513,1979,1801,0,103,5,0,0,79,91.01,0.0,5.2,0.25,0.0,0.0,3.99
TWIN FALLS - 832514,1186,897,0,289,0,0,1,11,75.63,0.0,24.37,0.0,0.0,0.08,0.93
TWIN FALLS - 832524,1168,918,0,155,0,17,0,26,78.6,0.0,13.27,0.0,1.46,0.0,2.23
TWIN FALLS - 832525,867,711,0,143,0,0,0,17,82.01,0.0,16.49,0.0,0.0,0.0,1.96
TWIN FALLS - 832526,1568,1375,2,155,5,4,0,13,87.69,0.13,9.89,0.32,0.26,0.0,0.83
VALLEY - 858001,2279,2136,0,78,0,0,0,58,93.73,0.0,3.42,0.0,0.0,0.0,2.54
VALLEY - 858002,2685,2644,0,27,0,0,0,23,98.47,0.0,1.01,0.0,0.0,0.0,0.86
VALLEY - 858003,945,836,5,99,0,16,0,13,88.47,0.53,10.48,0.0,1.69,0.0,1.38
VALLEY - 858004,2175,2104,0,47,0,0,0,40,96.74,0.0,2.16,0.0,0.0,0.0,1.84
VALLEY - 858005,552,471,0,41,0,5,17,7,85.33,0.0,7.43,0.0,0.91,3.08,1.27
VALLEY - 858006,293,293,0,0,0,0,0,0,100.0,0.0,0.0,0.0,0.0,0.0,0.0
VALLEY - 858007,132,116,0,3,0,0,0,2,87.88,0.0,2.27,0.0,0.0,0.0,1.52
VALLEY - 858008,894,817,0,39,0,0,0,18,91.39,0.0,4.36,0.0,0.0,0.0,2.01
WASHINGTON - 879001,805,746,0,66,0,0,0,7,92.67,0.0,8.2,0.0,0.0,0.0,0.87
WASHINGTON - 879002,888,743,0,109,0,0,0,3,83.67,0.0,12.27,0.0,0.0,0.0,0.34
WASHINGTON - 879003,534,356,14,136,0,29,0,0,66.67,2.62,25.47,0.0,5.43,0.0,0.0
WASHINGTON - 879004,869,673,0,127,0,16,18,45,77.45,0.0,14.61,0.0,1.84,2.07,5.18
WASHINGTON - 879005,696,575,8,91,0,10,0,12,82.61,1.15,13.07,0.0,1.44,0.0,1.72
WASHINGTON - 879006,500,493,2,0,0,0,0,0,98.6,0.4,0.0,0.0,0.0,0.0,0.0
WASHINGTON - 879007,903,794,0,34,0,0,0,76,87.93,0.0,3.77,0.0,0.0,0.0,8.42
WASHINGTON - 879008,768,732,0,20,0,0,0,15,95.31,0.0,2.6,0.0,0.0,0.0,1.95
WASHINGTON - 879009,1069,719,0,290,0,0,0,41,67.26,0.0,27.13,0.0,0.0,0.0,3.84
WASHINGTON - 879010,693,650,6,0,12,7,0,17,93.8,0.87,0.0,1.73,1.01,0.0,2.45
WASHINGTON - 879011,531,500,2,45,0,0,0,17,94.16,0.38,8.47,0.0,0.0,0.0,3.2
